	H	E	C	NA	pdb_idcode
0	0.10112359550561797	0.37640449438202245	0.5224719101123596	0.0	1adq
1	0.472	0.0	0.528	0.0	1afv
2	0.08536585365853659	0.4329268292682927	0.4817073170731707	0.0	1ahw
3	0.35036496350364965	0.06277372262773723	0.5868613138686132	0.0	1bgx
4	0.34408602150537637	0.13978494623655913	0.5161290322580645	0.0	1bvk
5	0.5989010989010989	0.0	0.3956043956043956	0.005494505494505495	1e6j
6	0.0	0.5121951219512195	0.4878048780487805	0.0	1egj
7	0.07392996108949416	0.33852140077821014	0.5875486381322957	0.0	1eo8
8	0.34375	0.125	0.53125	0.0	1fbi
9	0.37373737373737376	0.1414141414141414	0.48484848484848486	0.0	1fdl
10	0.3591549295774648	0.16901408450704225	0.47183098591549294	0.0	1fe8
11	0.03070175438596491	0.4517543859649123	0.5175438596491229	0.0	1fj1
12	0.27941176470588236	0.3382352941176471	0.38235294117647056	0.0	1fsk
13	0.008849557522123894	0.49557522123893805	0.49557522123893805	0.0	1i9r
14	0.05042016806722689	0.5210084033613446	0.42857142857142855	0.0	1iqd
15	0.3711340206185567	0.12371134020618557	0.5051546391752577	0.0	1jhl
16	0.08641975308641975	0.46296296296296297	0.4506172839506173	0.0	1jps
17	0.03896103896103896	0.45454545454545453	0.5064935064935064	0.0	1jrh
18	0.017045454545454544	0.5	0.48295454545454547	0.0	1kb5
19	0.06439393939393939	0.30303030303030304	0.6325757575757576	0.0	1ken
20	0.6565656565656566	0.0	0.3434343434343434	0.0	1lk3
21	0.3541666666666667	0.08333333333333333	0.5625	0.0	1mlc
22	0.034129692832764506	0.36860068259385664	0.5972696245733788	0.0	1ncc
23	0.06763285024154589	0.47342995169082125	0.45893719806763283	0.0	1nfd
24	0.03908794788273615	0.38762214983713356	0.5732899022801303	0.0	1nmc
25	0.2037037037037037	0.25	0.5462962962962963	0.0	1nsn
26	0.3691275167785235	0.1610738255033557	0.4697986577181208	0.0	1oak
27	0.7586206896551724	0.0	0.2413793103448276	0.0	1orq
28	0.7804878048780488	0.0	0.21951219512195122	0.0	1ors
29	0.06334841628959276	0.5384615384615384	0.39819004524886875	0.0	1osp
30	0.12903225806451613	0.46236559139784944	0.40860215053763443	0.0	1pkq
31	0.05	0.55	0.4	0.0	1qfw
32	0.14835164835164835	0.2967032967032967	0.554945054945055	0.0	1qgc
33	0.08433734939759036	0.5301204819277109	0.3855421686746988	0.0	1rjl
34	0.07127882599580712	0.2662473794549266	0.6624737945492662	0.0	1rvf
35	0.11063829787234042	0.20638297872340425	0.6829787234042554	0.0	1s78
36	0.06756756756756757	0.4527027027027027	0.4797297297297297	0.0	1sy6
37	0.3024523160762943	0.15258855585831063	0.5449591280653951	0.0	1t03
38	0.5405405405405406	0.05405405405405406	0.40540540540540543	0.0	1tqb
39	0.08333333333333333	0.44047619047619047	0.47619047619047616	0.0	1uj3
40	0.5982142857142857	0.05357142857142857	0.3482142857142857	0.0	1v7n
41	0.20689655172413793	0.40086206896551724	0.3922413793103448	0.0	1w72
42	0.14285714285714285	0.26785714285714285	0.5892857142857143	0.0	1xct
43	0.07692307692307693	0.46153846153846156	0.46153846153846156	0.0	1xiw
44	0.030927835051546393	0.4948453608247423	0.4742268041237113	0.0	1yjd
45	0.06190476190476191	0.3047619047619048	0.6333333333333333	0.0	1ynt
46	0.40404040404040403	0.09090909090909091	0.5050505050505051	0.0	1yqv
47	0.1811320754716981	0.3622641509433962	0.45660377358490567	0.0	1yym
48	0.0	0.39473684210526316	0.6052631578947368	0.0	1za3
49	0.0	0.6081081081081081	0.3918918918918919	0.0	1ztx
50	0.40559440559440557	0.14685314685314685	0.44755244755244755	0.0	2adf
51	0.031141868512110725	0.41522491349480967	0.5536332179930796	0.0	2aeq
52	0.0	0.42857142857142855	0.5714285714285714	0.0	2arj
53	0.39849624060150374	0.19548872180451127	0.40601503759398494	0.0	2b2x
54	0.10434782608695652	0.3717391304347826	0.5239130434782608	0.0	2b4c
55	0.1836734693877551	0.22448979591836735	0.5918367346938775	0.0	2bdn
56	0.40625	0.13541666666666666	0.4583333333333333	0.0	2eiz
57	0.058823529411764705	0.611764705882353	0.32941176470588235	0.0	2fjh
58	0.1267605633802817	0.4225352112676056	0.4507042253521127	0.0	2h32
59	0.5069444444444444	0.22916666666666666	0.2638888888888889	0.0	2i9l
60	0.27450980392156865	0.2222222222222222	0.5032679738562091	0.0	2ibz
61	0.47619047619047616	0.11904761904761904	0.40476190476190477	0.0	2j88
62	0.29310344827586204	0.20689655172413793	0.5	0.0	2jel
63	0.12449799196787148	0.3855421686746988	0.4899598393574297	0.0	2nr6
64	0.28392685274302215	0.18864292589027912	0.5274302213666987	0.0	2nz9
65	0.04824561403508772	0.5789473684210527	0.37280701754385964	0.0	2oz4
66	0.1592920353982301	0.24336283185840707	0.5973451327433629	0.0	2q8b
67	0.15412186379928317	0.2974910394265233	0.5448028673835126	0.0035842293906810036	2qad
68	0.03296703296703297	0.4153846153846154	0.5516483516483517	0.0	2qql
69	0.0743801652892562	0.5041322314049587	0.4214876033057851	0.0	2qqn
70	0.1484375	0.3515625	0.5	0.0	2r56
71	0.0	0.2727272727272727	0.7272727272727273	0.0	2r69
72	0.4166666666666667	0.19166666666666668	0.39166666666666666	0.0	2vh5
73	0.09905660377358491	0.35377358490566035	0.5471698113207547	0.0	2vir
74	0.04285714285714286	0.42857142857142855	0.5285714285714286	0.0	2vxq
75	0.07692307692307693	0.5299145299145299	0.39316239316239315	0.0	2vxt
76	0.5714285714285714	0.05194805194805195	0.37662337662337664	0.0	2w9e
77	0.5753424657534246	0.0547945205479452	0.3698630136986301	0.0	2xqb
78	0.35218508997429304	0.16195372750642673	0.48586118251928023	0.0	2xqy
79	0.875	0.0	0.125	0.0	2xra
80	0.30994152046783624	0.17543859649122806	0.5146198830409356	0.0	2xtj
81	0.0	0.2261904761904762	0.7738095238095238	0.0	2xwt
82	0.17391304347826086	0.1956521739130435	0.6304347826086957	0.0	2yc1
83	0.07567567567567568	0.5513513513513514	0.372972972972973	0.0	2ypv
84	0.08	0.30857142857142855	0.6114285714285714	0.0	2zch
85	0.5390625	0.0	0.4609375	0.0	2zuq
86	0.0	0.5533980582524272	0.44660194174757284	0.0	3ab0
87	0.03333333333333333	0.5444444444444444	0.4222222222222222	0.0	3b9k
88	0.1292517006802721	0.22448979591836735	0.6462585034013606	0.0	3bgf
89	0.13414634146341464	0.29878048780487804	0.5670731707317073	0.0	3bn9
90	0.06293706293706294	0.38461538461538464	0.5524475524475524	0.0	3bsz
91	0.05333333333333334	0.47555555555555556	0.4711111111111111	0.0	3bt2
92	0.1597222222222222	0.1527777777777778	0.6875	0.0	3c09
93	0.19369369369369369	0.36936936936936937	0.4369369369369369	0.0	3cvh
94	0.7058823529411765	0.0	0.29411764705882354	0.0	3d85
95	0.3357142857142857	0.16428571428571428	0.5	0.0	3eob
96	0.21	0.31	0.48	0.0	3fmg
97	0.0	0.22012578616352202	0.779874213836478	0.0	3g04
98	0.379746835443038	0.0759493670886076	0.5443037974683544	0.0	3g6d
99	0.1612167300380228	0.34600760456273766	0.49277566539923956	0.0	3g6j
100	0.2789115646258503	0.2811791383219955	0.4399092970521542	0.0	3gbm
101	0.7532051282051282	0.00641025641025641	0.2403846153846154	0.0	3gi8
102	0.2149122807017544	0.3815789473684211	0.40350877192982454	0.0	3gjf
103	0.37735849056603776	0.20754716981132076	0.41509433962264153	0.0	3hb3
104	0.1607843137254902	0.30980392156862746	0.5294117647058824	0.0	3hi1
105	0.4297520661157025	0.14049586776859505	0.4297520661157025	0.0	3hi6
106	0.015625	0.3828125	0.6015625	0.0	3hmx
107	0.14391143911439114	0.3985239852398524	0.4575645756457565	0.0	3idx
108	0.0	0.2413793103448276	0.7586206896551724	0.0	3iu3
109	0.07407407407407407	0.358974358974359	0.5669515669515669	0.0	3iyw
110	0.04979253112033195	0.3070539419087137	0.6431535269709544	0.0	3j1s
111	0.1402116402116402	0.328042328042328	0.5317460317460317	0.0	3j8v
112	0.14092140921409213	0.33875338753387535	0.5203252032520326	0.0	3j8w
113	0.6821428571428572	0.0	0.31785714285714284	0.0	3jab
114	0.027237354085603113	0.2140077821011673	0.7587548638132295	0.0	3jcx
115	0.1590909090909091	0.3051948051948052	0.5357142857142857	0.0	3jwd
116	0.06334841628959276	0.15384615384615385	0.7828054298642534	0.0	3kj4
117	0.7164179104477612	0.0	0.2835820895522388	0.0	3kj6
118	0.425	0.05	0.525	0.0	3kr3
119	0.33766233766233766	0.2077922077922078	0.45454545454545453	0.0	3ks0
120	0.5	0.05714285714285714	0.44285714285714284	0.0	3l5w
121	0.43373493975903615	0.07228915662650602	0.4939759036144578	0.0	3l5x
122	0.3607142857142857	0.18928571428571428	0.45	0.0	3ldb
123	0.104	0.432	0.464	0.0	3liz
124	0.07547169811320754	0.32075471698113206	0.6037735849056604	0.0	3lzf
125	0.8819444444444444	0.0	0.1111111111111111	0.006944444444444444	3mac
126	0.06179775280898876	0.48314606741573035	0.4550561797752809	0.0	3mj9
127	0.3090909090909091	0.11818181818181818	0.5727272727272728	0.0	3mxw
128	0.6141618497109826	0.0	0.38583815028901736	0.0	3ncy
129	0.0	0.30097087378640774	0.6990291262135923	0.0	3nfp
130	0.0	0.3559322033898305	0.6440677966101694	0.0	3nh7
131	0.12195121951219512	0.27439024390243905	0.6036585365853658	0.0	3nps
132	0.726	0.014	0.26	0.0	3o0r
133	0.07203389830508475	0.4046610169491525	0.5233050847457628	0.0	3opz
134	0.21830985915492956	0.1267605633802817	0.6549295774647887	0.0	3p0y
135	0.9444444444444444	0.0	0.05555555555555555	0.0	3p30
136	0.39915966386554624	0.0	0.6008403361344538	0.0	3pjs
137	0.175	0.35	0.475	0.0	3pnw
138	0.5913978494623656	0.0	0.40860215053763443	0.0	3q1s
139	0.44285714285714284	0.17142857142857143	0.38571428571428573	0.0	3qa3
140	0.10695187165775401	0.22994652406417113	0.6631016042780749	0.0	3qum
141	0.0	0.26153846153846155	0.7384615384615385	0.0	3r08
142	0.32608695652173914	0.10869565217391304	0.5652173913043478	0.0	3raj
143	0.3715277777777778	0.2673611111111111	0.3611111111111111	0.0	3ri5
144	0.028846153846153848	0.41346153846153844	0.5576923076923077	0.0	3rkd
145	0.012658227848101266	0.5569620253164557	0.43037974683544306	0.0	3s35
146	0.024390243902439025	0.524390243902439	0.45121951219512196	0.0	3s37
147	0.17142857142857143	0.21587301587301588	0.6126984126984127	0.0	3s88
148	0.2773892773892774	0.2727272727272727	0.44988344988344986	0.0	3sdy
149	0.08148148148148149	0.4148148148148148	0.5037037037037037	0.0	3skj
150	0.04247104247104247	0.33204633204633205	0.6254826254826255	0.0	3sm5
151	0.13333333333333333	0.2909090909090909	0.5757575757575758	0.0	3so3
152	0.06493506493506493	0.38095238095238093	0.5541125541125541	0.0	3sob
153	0.165374677002584	0.3359173126614987	0.49870801033591733	0.0	3sqo
154	0.14232209737827714	0.3333333333333333	0.5243445692883895	0.0	3t2n
155	0.0	0.3114754098360656	0.6885245901639344	0.0	3thm
156	0.7479452054794521	0.021917808219178082	0.23013698630136986	0.0	3tt1
157	0.7191011235955056	0.016853932584269662	0.2640449438202247	0.0	3tt3
158	0.14814814814814814	0.3925925925925926	0.45925925925925926	0.0	3u9p
159	0.08678500986193294	0.22485207100591717	0.6883629191321499	0.0	3u9u
160	0.06309148264984227	0.47003154574132494	0.4668769716088328	0.0	3uaj
161	0.22448979591836735	0.3836734693877551	0.39183673469387753	0.0	3ubx
162	0.10441767068273092	0.16666666666666666	0.7289156626506024	0.0	3ulu
163	0.10271317829457365	0.1744186046511628	0.7228682170542635	0.0	3ulv
164	0.11508379888268157	0.35307262569832404	0.529608938547486	0.0022346368715083797	3v4v
165	0.01875	0.43125	0.55	0.0	3v6o
166	0.6363636363636364	0.01652892561983471	0.34710743801652894	0.0	3v6z
167	0.07480314960629922	0.33070866141732286	0.594488188976378	0.0	3v7a
168	0.7658730158730159	0.007936507936507936	0.2261904761904762	0.0	3vg9
169	0.21428571428571427	0.23714285714285716	0.5485714285714286	0.0	3vi3
170	0.7291666666666666	0.0	0.2708333333333333	0.0	3vrl
171	0.1340782122905028	0.3128491620111732	0.553072625698324	0.0	3w2d
172	0.16666666666666666	0.28735632183908044	0.5459770114942529	0.0	3w9e
173	0.04065040650406504	0.44715447154471544	0.5121951219512195	0.0	3wd5
174	0.25821596244131456	0.24413145539906103	0.49765258215962443	0.0	3whe
175	0.0	0.417910447761194	0.582089552238806	0.0	3wih
176	0.19148936170212766	0.3617021276595745	0.44680851063829785	0.0	3wkm
177	0.11087420042643924	0.19616204690831557	0.6929637526652452	0.0	3wlw
178	0.06991525423728813	0.163135593220339	0.7669491525423728	0.0	3wsq
179	0.0	0.35714285714285715	0.6428571428571429	0.0	3x3f
180	0.06534090909090909	0.3494318181818182	0.5852272727272727	0.0	3ze1
181	0.23448275862068965	0.2482758620689655	0.5172413793103449	0.0	3ztn
182	0.19047619047619047	0.47619047619047616	0.3333333333333333	0.0	4aei
183	0.039473684210526314	0.47368421052631576	0.4868421052631579	0.0	4am0
184	0.038461538461538464	0.5128205128205128	0.44871794871794873	0.0	4bz1
185	0.0	0.33766233766233766	0.6623376623376623	0.0	4bz2
186	0.855	0.0	0.145	0.0	4cad
187	0.4101123595505618	0.15168539325842698	0.43820224719101125	0.0	4cmh
188	0.6204379562043796	0.0	0.3795620437956204	0.0	4cni
189	0.08620689655172414	0.16379310344827586	0.75	0.0	4d3c
190	0.0898876404494382	0.29775280898876405	0.6123595505617978	0.0	4d9q
191	0.21301775147928995	0.2514792899408284	0.5355029585798816	0.0	4dag
192	0.5949367088607594	0.05063291139240506	0.35443037974683544	0.0	4dgi
193	0.6347826086956522	0.043478260869565216	0.3217391304347826	0.0	4dke
194	0.25	0.22727272727272727	0.5227272727272727	0.0	4dn4
195	0.21951219512195122	0.17073170731707318	0.6097560975609756	0.0	4dtg
196	0.08917197452229299	0.2929936305732484	0.6178343949044586	0.0	4dw2
197	0.0	0.5747126436781609	0.42528735632183906	0.0	4edw
198	0.0	0.5903614457831325	0.40963855421686746	0.0	4edx
199	0.14375	0.375	0.48125	0.0	4etq
200	0.0	0.49612403100775193	0.5038759689922481	0.0	4f2m
201	0.45054945054945056	0.0	0.5494505494505495	0.0	4f37
202	0.6511627906976745	0.0	0.3488372093023256	0.0	4f3f
203	0.15625	0.3404605263157895	0.5032894736842105	0.0	4ffw
204	0.0	0.417910447761194	0.582089552238806	0.0	4ffz
205	0.05964912280701754	0.2982456140350877	0.6421052631578947	0.0	4fqk
206	0.07114624505928854	0.3359683794466403	0.5928853754940712	0.0	4fqr
207	0.26635514018691586	0.2967289719626168	0.4369158878504673	0.0	4fqy
208	0.0	0.5229357798165137	0.46788990825688076	0.009174311926605505	4g3y
209	0.025423728813559324	0.5	0.4745762711864407	0.0	4g6m
210	0.07003891050583658	0.3540856031128405	0.5758754863813229	0.0	4gms
211	0.07196969696969698	0.3484848484848485	0.5795454545454546	0.0	4gxu
212	0.017543859649122806	0.5321637426900585	0.4502923976608187	0.0	4hc1
213	0.0189873417721519	0.5063291139240507	0.47468354430379744	0.0	4hcr
214	0.06666666666666667	0.34444444444444444	0.5888888888888889	0.0	4hf5
215	0.05947955390334572	0.3345724907063197	0.6059479553903345	0.0	4hfu
216	0.2545454545454545	0.25681818181818183	0.48863636363636365	0.0	4hg4
217	0.22857142857142856	0.15714285714285714	0.6142857142857143	0.0	4hj0
218	0.1069182389937107	0.3333333333333333	0.559748427672956	0.0	4hkx
219	0.2635294117647059	0.28705882352941176	0.44941176470588234	0.0	4hlz
220	0.0	0.5238095238095238	0.47619047619047616	0.0	4ht1
221	0.03937007874015748	0.5078740157480315	0.452755905511811	0.0	4i2x
222	0.43243243243243246	0.08108108108108109	0.4864864864864865	0.0	4i77
223	0.009174311926605505	0.47706422018348627	0.5137614678899083	0.0	4idj
224	0.04103671706263499	0.3347732181425486	0.6241900647948164	0.0	4irz
225	0.0539568345323741	0.460431654676259	0.4856115107913669	0.0	4j4p
226	0.17288135593220338	0.376271186440678	0.45084745762711864	0.0	4j6r
227	0.15873015873015872	0.40476190476190477	0.4365079365079365	0.0	4jan
228	0.18085106382978725	0.3475177304964539	0.4716312056737589	0.0	4jb9
229	0.18791946308724833	0.3389261744966443	0.47315436241610737	0.0	4jdt
230	0.8933333333333333	0.0	0.10666666666666667	0.0	4jlr
231	0.17375886524822695	0.35106382978723405	0.475177304964539	0.0	4jpw
232	0.754601226993865	0.009202453987730062	0.2361963190184049	0.0	4jr9
233	0.028169014084507043	0.4694835680751174	0.5023474178403756	0.0	4jzj
234	0.04149377593360996	0.36099585062240663	0.5975103734439834	0.0	4k24
235	0.6294416243654822	0.030456852791878174	0.3401015228426396	0.0	4k2u
236	0.07766990291262135	0.3713592233009709	0.5509708737864077	0.0	4k3j
237	0.18141592920353983	0.3495575221238938	0.4690265486725664	0.0	4k8r
238	0.019736842105263157	0.5328947368421053	0.4473684210526316	0.0	4k9e
239	0.05042016806722689	0.5294117647058824	0.42016806722689076	0.0	4ki5
240	0.3604060913705584	0.2233502538071066	0.41624365482233505	0.0	4kuc
241	0.20408163265306123	0.35714285714285715	0.4387755102040816	0.0	4kv5
242	0.22459893048128343	0.2807486631016043	0.4946524064171123	0.0	4kvn
243	0.0	0.3076923076923077	0.6923076923076923	0.0	4l5f
244	0.09904761904761905	0.24761904761904763	0.6533333333333333	0.0	4leo
245	0.03178484107579462	0.5476772616136919	0.42053789731051344	0.0	4liq
246	0.17073170731707318	0.2926829268292683	0.5365853658536586	0.0	4lmq
247	0.22033898305084745	0.3559322033898305	0.423728813559322	0.0	4lqf
248	0.18	0.35333333333333333	0.4666666666666667	0.0	4lsp
249	0.18339100346020762	0.34256055363321797	0.4740484429065744	0.0	4lsu
250	0.19402985074626866	0.31343283582089554	0.4925373134328358	0.0	4lu5
251	0.10112359550561797	0.24157303370786518	0.6573033707865169	0.0	4lvh
252	0.2897959183673469	0.17551020408163265	0.5346938775510204	0.0	4lvo
253	0.24793388429752067	0.2975206611570248	0.45454545454545453	0.0	4m1g
254	0.08227848101265822	0.33544303797468356	0.5822784810126582	0.0	4m5z
255	0.034013605442176874	0.54421768707483	0.4217687074829932	0.0	4m7l
256	0.41818181818181815	0.20909090909090908	0.36363636363636365	0.00909090909090909	4m8q
257	0.08712121212121213	0.3409090909090909	0.571969696969697	0.0	4mhj
258	0.0297029702970297	0.5346534653465347	0.43564356435643564	0.0	4mxw
259	0.008733624454148471	0.4104803493449782	0.5807860262008734	0.0	4n90
260	0.2773892773892774	0.2703962703962704	0.4522144522144522	0.0	4nm8
261	0.0	0.5319148936170213	0.46808510638297873	0.0	4np4
262	0.23076923076923078	0.24749163879598662	0.5217391304347826	0.0	4nzr
263	0.08396946564885496	0.3320610687022901	0.583969465648855	0.0	4o58
264	0.6942148760330579	0.0	0.30578512396694213	0.0	4o9h
265	0.0	0.2716049382716049	0.7283950617283951	0.0	4od2
266	0.056451612903225805	0.33064516129032256	0.6129032258064516	0.0	4oii
267	0.7777777777777778	0.0	0.2222222222222222	0.0	4okv
268	0.18374558303886926	0.37809187279151946	0.4381625441696113	0.0	4om0
269	0.07435897435897436	0.26153846153846155	0.6641025641025641	0.0	4oqt
270	0.17647058823529413	0.43529411764705883	0.38823529411764707	0.0	4ot1
271	0.024	0.464	0.512	0.0	4plk
272	0.2627906976744186	0.26976744186046514	0.46744186046511627	0.0	4py8
273	0.42027194066749074	0.15945611866501855	0.42027194066749074	0.0	4q5z
274	0.053691275167785234	0.4899328859060403	0.4563758389261745	0.0	4q6i
275	0.04938271604938271	0.6049382716049383	0.345679012345679	0.0	4qci
276	0.6003861003861004	0.019305019305019305	0.3803088803088803	0.0	4qex
277	0.047058823529411764	0.47058823529411764	0.4823529411764706	0.0	4qhu
278	0.033444816053511704	0.3712374581939799	0.5953177257525084	0.0	4qnp
279	0.05454545454545454	0.43636363636363634	0.509090909090909	0.0	4qti
280	0.3463541666666667	0.13802083333333334	0.515625	0.0	4qww
281	0.16605166051660517	0.3284132841328413	0.5055350553505535	0.0	4r2g
282	0.16611295681063123	0.30564784053156147	0.5282392026578073	0.0	4r4n
283	0.19387755102040816	0.2653061224489796	0.5408163265306123	0.0	4r9y
284	0.1111111111111111	0.3333333333333333	0.5555555555555556	0.0	4rau
285	0.13261648745519714	0.3154121863799283	0.5519713261648745	0.0	4rfn
286	0.1588235294117647	0.4117647058823529	0.4294117647058823	0.0	4rgm
287	0.2085889570552147	0.36809815950920244	0.4233128834355828	0.0	4rgn
288	0.16728624535315986	0.35315985130111527	0.4795539033457249	0.0	4rx4
289	0.1986062717770035	0.3588850174216028	0.4425087108013937	0.0	4s1q
290	0.17253521126760563	0.36971830985915494	0.45774647887323944	0.0	4s1r
291	0.16608996539792387	0.35986159169550175	0.4740484429065744	0.0	4s1s
292	0.3434343434343434	0.12121212121212122	0.5353535353535354	0.0	4tsb
293	0.7843137254901961	0.03529411764705882	0.1803921568627451	0.0	4u1g
294	0.5185185185185185	0.23703703703703705	0.24444444444444444	0.0	4u6h
295	0.023474178403755867	0.5539906103286385	0.4225352112676056	0.0	4u6v
296	0.1891891891891892	0.1891891891891892	0.6216216216216216	0.0	4uao
297	0.24880382775119617	0.23923444976076555	0.5119617224880383	0.0	4ubd
298	0.05688622754491018	0.4550898203592814	0.4880239520958084	0.0	4ut6
299	0.0718562874251497	0.47305389221556887	0.4550898203592814	0.0	4utb
300	0.6888888888888889	0.0	0.3111111111111111	0.0	4uu9
301	0.11175337186897881	0.24470134874759153	0.6435452793834296	0.0	4uv7
302	0.7637130801687764	0.0	0.23628691983122363	0.0	4wfe
303	0.17796610169491525	0.3686440677966102	0.4533898305084746	0.0	4wuu
304	0.13043478260869565	0.463768115942029	0.4057971014492754	0.0	4wv1
305	0.15606936416184972	0.2774566473988439	0.5664739884393064	0.0	4xak
306	0.3062937062937063	0.16923076923076924	0.5244755244755245	0.0	4xi5
307	0.1384083044982699	0.3806228373702422	0.4809688581314879	0.0	4xmp
308	0.09554140127388536	0.34394904458598724	0.5605095541401274	0.0	4xnm
309	0.1366906474820144	0.38489208633093525	0.4784172661870504	0.0	4xny
310	0.14492753623188406	0.33695652173913043	0.5181159420289855	0.0	4xnz
311	0.1750841750841751	0.36363636363636365	0.4612794612794613	0.0	4xvs
312	0.28135593220338984	0.2	0.5186440677966102	0.0	4xx1
313	0.030303030303030304	0.5	0.4696969696969697	0.0	4xzu
314	0.09411764705882353	0.4470588235294118	0.4588235294117647	0.0	4y5v
315	0.05555555555555555	0.4567901234567901	0.48148148148148145	0.006172839506172839	4y5x
316	0.0755813953488372	0.4418604651162791	0.48255813953488375	0.0	4y5y
317	0.26666666666666666	0.2857142857142857	0.44761904761904764	0.0	4ybl
318	0.8324175824175825	0.0	0.16758241758241757	0.0	4ybq
319	0.17301038062283736	0.35294117647058826	0.4740484429065744	0.0	4ydi
320	0.17269076305220885	0.3333333333333333	0.4939759036144578	0.0	4ydj
321	0.18571428571428572	0.35	0.4642857142857143	0.0	4ydk
322	0.18556701030927836	0.3470790378006873	0.46735395189003437	0.0	4ydl
323	0.18309859154929578	0.3591549295774648	0.45774647887323944	0.0	4ye4
324	0.18808777429467086	0.3605015673981191	0.45141065830721006	0.0	4yfl
325	0.06790123456790123	0.29012345679012347	0.6419753086419753	0.0	4yk4
326	0.5652173913043478	0.10869565217391304	0.32608695652173914	0.0	4yqx
327	0.5569620253164557	0.08860759493670886	0.35443037974683544	0.0	4yue
328	0.0875	0.4	0.5125	0.0	4ywg
329	0.6888888888888889	0.009876543209876543	0.3012345679012346	0.0	4yzf
330	0.7047619047619048	0.0	0.29523809523809524	0.0	4z5r
331	0.09411764705882353	0.6470588235294118	0.25882352941176473	0.0	4zff
332	0.16470588235294117	0.35294117647058826	0.4823529411764706	0.0	4zpv
333	0.17613636363636365	0.3125	0.5113636363636364	0.0	4zs6
334	0.6542056074766355	0.0	0.34579439252336447	0.0	4zs7
335	0.03954802259887006	0.5084745762711864	0.4519774011299435	0.0	4zso
336	0.10818713450292397	0.29385964912280704	0.597953216374269	0.0	4zxb
337	0.2979274611398964	0.2694300518134715	0.4326424870466321	0.0	4zyp
338	0.0599250936329588	0.33707865168539325	0.602996254681648	0.0	5a3i
339	0.0748663101604278	0.40641711229946526	0.5187165775401069	0.0	5anm
340	0.3169811320754717	0.2	0.4830188679245283	0.0	5b3j
341	0.0	0.5362318840579711	0.463768115942029	0.0	5b71
342	0.29042904290429045	0.1716171617161716	0.5379537953795379	0.0	5bv7
343	0.05217391304347826	0.4782608695652174	0.46956521739130436	0.0	5bvp
344	0.14035087719298245	0.5701754385964912	0.2894736842105263	0.0	5c0n
345	0.18613861386138614	0.30495049504950494	0.5089108910891089	0.0	5c6t
346	0.10869565217391304	0.2391304347826087	0.6521739130434783	0.0	5cbe
347	0.16262975778546712	0.35294117647058826	0.4844290657439446	0.0	5cd5
348	0.0635593220338983	0.1652542372881356	0.7711864406779662	0.0	5cus
349	0.2988505747126437	0.15517241379310345	0.5459770114942529	0.0	5czv
350	0.25405405405405407	0.13513513513513514	0.6108108108108108	0.0	5czx
351	0.058823529411764705	0.6372549019607843	0.30392156862745096	0.0	5d1q
352	0.030612244897959183	0.6122448979591837	0.35714285714285715	0.0	5d1x
353	0.07017543859649122	0.40350877192982454	0.5263157894736842	0.0	5d1z
354	0.5348837209302325	0.11627906976744186	0.3488372093023256	0.0	5d72
355	0.07272727272727272	0.6181818181818182	0.3090909090909091	0.0	5d8j
356	0.25	0.18085106382978725	0.5691489361702128	0.0	5d93
357	0.3111111111111111	0.16111111111111112	0.5277777777777778	0.0	5d96
358	0.5970149253731343	0.0	0.40298507462686567	0.0	5dfv
359	0.03488372093023256	0.20930232558139536	0.7558139534883721	0.0	5dmi
360	0.11688311688311688	0.2987012987012987	0.5844155844155844	0.0	5dum
361	0.12179487179487179	0.3717948717948718	0.5064102564102564	0.0	5dup
362	0.1377245508982036	0.38922155688622756	0.47305389221556887	0.0	5dur
363	0.16346153846153846	0.25961538461538464	0.5769230769230769	0.0	5e8e
364	0.2247191011235955	0.20224719101123595	0.5730337078651685	0.0	5e94
365	0.2818181818181818	0.20909090909090908	0.509090909090909	0.0	5en2
366	0.23076923076923078	0.3136094674556213	0.4556213017751479	0.0	5esv
367	0.31746031746031744	0.29365079365079366	0.3888888888888889	0.0	5esz
368	0.003952569169960474	0.49407114624505927	0.5019762845849802	0.0	5ezo
369	0.18181818181818182	0.4318181818181818	0.38636363636363635	0.0	5f3b
370	0.14606741573033707	0.4606741573033708	0.39325842696629215	0.0	5f3h
371	0.18095238095238095	0.3238095238095238	0.49523809523809526	0.0	5f6j
372	0.18309859154929578	0.36619718309859156	0.4507042253521127	0.0	5f96
373	0.1701388888888889	0.3680555555555556	0.4618055555555556	0.0	5f9o
374	0.17421602787456447	0.37282229965156793	0.4529616724738676	0.0	5f9w
375	0.06349206349206349	0.6190476190476191	0.31746031746031744	0.0	5fb8
376	0.13917525773195877	0.3711340206185567	0.4896907216494845	0.0	5fhc
377	0.11764705882352941	0.36470588235294116	0.5176470588235295	0.0	5ggt
378	0.033707865168539325	0.4606741573033708	0.5056179775280899	0.0	5ggv
379	0.2576832151300236	0.2718676122931442	0.47044917257683216	0.0	5gjs
380	0.1746987951807229	0.25301204819277107	0.572289156626506	0.0	5gmq
381	0.03409090909090909	0.5056818181818182	0.4602272727272727	0.0	5grj
382	0.08383233532934131	0.4491017964071856	0.46706586826347307	0.0	5gzn
383	0.0744047619047619	0.4523809523809524	0.4732142857142857	0.0	5gzo
384	0.8283582089552238	0.0	0.17164179104477612	0.0	5h35
385	0.05202312138728324	0.49710982658959535	0.4508670520231214	0.0	5hbt
386	0.4470046082949309	0.1152073732718894	0.4377880184331797	0.0	5hdq
387	0.17937219730941703	0.273542600896861	0.547085201793722	0.0	5hj3
388	0.17229496898690558	0.3328738800827016	0.4948311509303928	0.0	5i5k
389	0.17708333333333334	0.3263888888888889	0.4965277777777778	0.0	5i9q
390	0.04602510460251046	0.3263598326359833	0.6276150627615062	0.0	5ibl
391	0.17647058823529413	0.25	0.5735294117647058	0.0	5ikc
392	0.5714285714285714	0.023809523809523808	0.40476190476190477	0.0	5j13
393	0.37275064267352187	0.2544987146529563	0.37275064267352187	0.0	5j3d
394	0.05813953488372093	0.3691860465116279	0.5726744186046512	0.0	5jhl
395	0.05860805860805861	0.43956043956043955	0.5018315018315018	0.0	5jq6
396	0.25181598062953997	0.29539951573849876	0.45278450363196127	0.0	5jw4
397	0.0	0.4177215189873418	0.5822784810126582	0.0	5jxe
398	0.0	0.6292134831460674	0.3707865168539326	0.0	5jz7
399	0.2632850241545894	0.23671497584541062	0.5	0.0	5k9k
400	0.18622448979591838	0.22448979591836735	0.5892857142857143	0.0	5k9o
401	0.26107226107226106	0.2634032634032634	0.4755244755244755	0.0	5k9q
402	0.2517162471395881	0.2585812356979405	0.4897025171624714	0.0	5kan
403	0.22693266832917705	0.2793017456359102	0.4937655860349127	0.0	5kaq
404	0.36363636363636365	0.10101010101010101	0.5353535353535354	0.0	5kel
405	0.14285714285714285	0.2571428571428571	0.6	0.0	5kem
406	0.4583333333333333	0.10416666666666667	0.4375	0.0	5ken
407	0.14675767918088736	0.29692832764505117	0.5563139931740614	0.0	5kjr
408	0.7366666666666667	0.0	0.2633333333333333	0.0	5kte
409	0.1038961038961039	0.3246753246753247	0.5714285714285714	0.0	5kvd
410	0.0	0.4025974025974026	0.5974025974025974	0.0	5kve
411	0.025974025974025976	0.4025974025974026	0.5714285714285714	0.0	5kvf
412	0.0	0.40963855421686746	0.5903614457831325	0.0	5kvg
413	0.08636363636363636	0.2909090909090909	0.6227272727272727	0.0	5kw9
414	0.06179775280898876	0.16853932584269662	0.7696629213483146	0.0	5l0q
415	0.4626865671641791	0.08955223880597014	0.44776119402985076	0.0	5l6y
416	0.08450704225352113	0.4732394366197183	0.4394366197183099	0.0028169014084507044	5lbs
417	0.15655339805825244	0.25485436893203883	0.5885922330097088	0.0	5ldn
418	0.6210526315789474	0.031578947368421054	0.3473684210526316	0.0	5lqb
419	0.07027027027027027	0.4810810810810811	0.4486486486486487	0.0	5lsp
420	0.05263157894736842	0.5112781954887218	0.43609022556390975	0.0	5mhr
421	0.7854077253218884	0.04291845493562232	0.17167381974248927	0.0	5mi0
422	0.03529411764705882	0.5294117647058824	0.43529411764705883	0.0	5mo9
423	0.041666666666666664	0.5104166666666666	0.4479166666666667	0.0	5n7w
424	0.06756756756756757	0.3918918918918919	0.5405405405405406	0.0	5nh3
425	0.7827380952380952	0.020833333333333332	0.19642857142857142	0.0	5nj6
426	0.2077562326869806	0.3462603878116344	0.44598337950138506	0.0	5njd
427	0.2	0.275	0.525	0.0	5nmv
428	0.2782608695652174	0.21739130434782608	0.5043478260869565	0.0	5nuz
429	0.07103825136612021	0.5573770491803278	0.37158469945355194	0.0	5o14
430	0.0	0.5529411764705883	0.4470588235294118	0.0	5o1r
431	0.11670480549199085	0.20823798627002288	0.6750572082379863	0.0	5o4g
432	0.07210626185958255	0.2618595825426945	0.6660341555977229	0.0	5o7p
433	0.27450980392156865	0.3137254901960784	0.4117647058823529	0.0	5ob5
434	0.05223880597014925	0.48507462686567165	0.4626865671641791	0.0	5occ
435	0.5740740740740741	0.07407407407407407	0.35185185185185186	0.0	5otj
436	0.2112676056338028	0.11971830985915492	0.6690140845070423	0.0	5sx4
437	0.37037037037037035	0.13580246913580246	0.49382716049382713	0.0	5t1d
438	0.1815068493150685	0.3184931506849315	0.5	0.0	5t33
439	0.12060301507537688	0.3442211055276382	0.535175879396985	0.0	5t3x
440	0.04519774011299435	0.615819209039548	0.3389830508474576	0.0	5t5f
441	0.6085626911314985	0.0061162079510703364	0.3853211009174312	0.0	5t5n
442	0.3893805309734513	0.19469026548672566	0.415929203539823	0.0	5t85
443	0.27218934911242604	0.10650887573964497	0.621301775147929	0.0	5th9
444	0.0	0.4962121212121212	0.5037878787878788	0.0	5tih
445	0.0	0.22807017543859648	0.7719298245614035	0.0	5tlj
446	0.0	0.3333333333333333	0.6666666666666666	0.0	5tlk
447	0.30170316301703165	0.26034063260340634	0.43795620437956206	0.0	5tpn
448	0.3275316455696203	0.2088607594936709	0.46360759493670883	0.0	5tq0
449	0.6371134020618556	0.05979381443298969	0.3030927835051546	0.0	5tr1
450	0.8374233128834356	0.0	0.16257668711656442	0.0	5tud
451	0.14285714285714285	0.4166666666666667	0.44047619047619047	0.0	5tz2
452	0.14736842105263157	0.35789473684210527	0.49473684210526314	0.0	5tzt
453	0.5352112676056338	0.19718309859154928	0.2676056338028169	0.0	5u5m
454	0.07658959537572255	0.31647398843930635	0.6069364161849711	0.0	5u8q
455	0.308300395256917	0.31752305665349145	0.37417654808959155	0.0	5udd
456	0.15789473684210525	0.3508771929824561	0.48771929824561405	0.0035087719298245615	5uem
457	0.07063197026022305	0.3159851301115242	0.6133828996282528	0.0	5ug0
458	0.1896551724137931	0.39655172413793105	0.41379310344827586	0.0	5ukr
459	0.0	0.4786729857819905	0.5213270142180095	0.0	5umi
460	0.07758620689655173	0.3793103448275862	0.5431034482758621	0.0	5uqy
461	0.12578616352201258	0.31446540880503143	0.559748427672956	0.0	5ush
462	0.10365853658536585	0.2865853658536585	0.6097560975609756	0.0	5usl
463	0.631578947368421	0.09473684210526316	0.2736842105263158	0.0	5utz
464	0.16346153846153846	0.2724358974358974	0.5641025641025641	0.0	5uwe
465	0.05204460966542751	0.2862453531598513	0.6617100371747212	0.0	5v2a
466	0.15609756097560976	0.36341463414634145	0.48048780487804876	0.0	5v8l
467	0.2621951219512195	0.20121951219512196	0.5365853658536586	0.0	5vcn
468	0.27976190476190477	0.16071428571428573	0.5595238095238095	0.0	5vco
469	0.0	0.45454545454545453	0.5454545454545454	0.0	5veb
470	0.11538461538461539	0.38461538461538464	0.5	0.0	5vgj
471	0.0	0.532258064516129	0.46774193548387094	0.0	5vic
472	0.0	0.5342465753424658	0.4657534246575342	0.0	5vig
473	0.22878228782287824	0.2767527675276753	0.4944649446494465	0.0	5viy
474	0.3877551020408163	0.1326530612244898	0.47959183673469385	0.0	5vjq
475	0.3310580204778157	0.18088737201365188	0.4880546075085324	0.0	5vk2
476	0.05179282868525897	0.4820717131474104	0.46613545816733065	0.0	5vl3
477	0.16891891891891891	0.3490990990990991	0.481981981981982	0.0	5vlp
478	0.07608695652173914	0.27445652173913043	0.6494565217391305	0.0	5vn8
479	0.3380952380952381	0.11904761904761904	0.5428571428571428	0.0	5vod
480	0.26785714285714285	0.18452380952380953	0.5476190476190477	0.0	5vpg
481	0.5336426914153132	0.06960556844547564	0.39675174013921116	0.0	5vqm
482	0.03225806451612903	0.535483870967742	0.432258064516129	0.0	5w06
483	0.10179640718562874	0.3413173652694611	0.5568862275449101	0.0	5w0d
484	0.3419593345656192	0.18114602587800369	0.47689463955637706	0.0	5w0k
485	0.1891891891891892	0.21621621621621623	0.5945945945945946	0.0	5w1k
486	0.23529411764705882	0.226890756302521	0.5378151260504201	0.0	5w1m
487	0.3064516129032258	0.30376344086021506	0.3897849462365591	0.0	5w23
488	0.10181311018131102	0.3319386331938633	0.5662482566248257	0.0	5w3e
489	0.08764940239043825	0.33067729083665337	0.5816733067729084	0.0	5w42
490	0.15436241610738255	0.33221476510067116	0.5134228187919463	0.0	5w4l
491	0.71875	0.0	0.28125	0.0	5w5x
492	0.11662531017369727	0.3970223325062035	0.48635235732009924	0.0	5w6d
493	0.06716417910447761	0.332089552238806	0.6007462686567164	0.0	5w6g
494	0.43058823529411766	0.13647058823529412	0.4329411764705882	0.0	5w9p
495	0.1736111111111111	0.3229166666666667	0.5034722222222222	0.0	5wb9
496	0.11497326203208556	0.34759358288770054	0.5374331550802139	0.0	5wdu
497	0.1540880503144654	0.46226415094339623	0.3836477987421384	0.0	5whk
498	0.16326530612244897	0.2857142857142857	0.5510204081632653	0.0	5wk3
499	0.2523809523809524	0.29285714285714287	0.45476190476190476	0.0	5wko
500	0.009523809523809525	0.45714285714285713	0.5333333333333333	0.0	5wux
501	0.0	0.5833333333333334	0.4166666666666667	0.0	5x0t
502	0.3489583333333333	0.19401041666666666	0.45703125	0.0	5x2m
503	0.13095238095238096	0.36904761904761907	0.5	0.0	5x8m
504	0.14285714285714285	0.31142857142857144	0.5457142857142857	0.0	5xbm
505	0.6224256292906178	0.07093821510297482	0.30663615560640733	0.0	5xez
506	0.1	0.2318181818181818	0.6681818181818182	0.0	5xhv
507	0.08900523560209424	0.25654450261780104	0.6544502617801047	0.0	5xs7
508	0.20802919708029197	0.2737226277372263	0.5182481751824818	0.0	5y11
509	0.17251461988304093	0.30701754385964913	0.52046783625731	0.0	5y2m
510	0.1565934065934066	0.3633241758241758	0.4800824175824176	0.0	5y9c
511	0.10991957104557641	0.34316353887399464	0.546916890080429	0.0	5y9f
512	0.7550200803212851	0.024096385542168676	0.22088353413654618	0.0	5yhl
513	0.02586206896551724	0.5344827586206896	0.4396551724137931	0.0	5yoy
514	0.21739130434782608	0.2974828375286041	0.4851258581235698	0.0	5ywo
515	0.22380952380952382	0.2761904761904762	0.5	0.0	5ywp
516	0.15789473684210525	0.3157894736842105	0.5263157894736842	0.0	5yy5
517	0.22085889570552147	0.3067484662576687	0.4723926380368098	0.0	5zs0
518	0.09090909090909091	0.3492822966507177	0.5598086124401914	0.0	6a0z
519	0.08620689655172414	0.3333333333333333	0.5804597701149425	0.0	6a4k
520	0.09937888198757763	0.3416149068322981	0.5590062111801242	0.0	6a67
521	0.043478260869565216	0.5217391304347826	0.43478260869565216	0.0	6a79
522	0.07063711911357341	0.28116343490304707	0.6481994459833795	0.0	6ad0
523	0.7305389221556886	0.005988023952095809	0.2634730538922156	0.0	6adc
524	0.04824561403508772	0.28289473684210525	0.668859649122807	0.0	6aj7
525	0.06060606060606061	0.2777777777777778	0.6616161616161617	0.0	6aj9
526	0.03076923076923077	0.38974358974358975	0.5794871794871795	0.0	6al5
527	0.16470588235294117	0.2823529411764706	0.5529411764705883	0.0	6aod
528	0.41767068273092367	0.2583668005354752	0.32396251673360105	0.0	6apb
529	0.34210526315789475	0.2736842105263158	0.38421052631578945	0.0	6apd
530	0.5384615384615384	0.05128205128205128	0.41025641025641024	0.0	6aq7
531	0.11798839458413926	0.2263056092843327	0.655705996131528	0.0	6aru
532	0.10855949895615867	0.21711899791231734	0.6743215031315241	0.0	6att
533	0.027586206896551724	0.496551724137931	0.47586206896551725	0.0	6azz
534	0.027972027972027972	0.4825174825174825	0.48951048951048953	0.0	6b0a
535	0.04477611940298507	0.40298507462686567	0.5522388059701493	0.0	6b0e
536	0.04580152671755725	0.4580152671755725	0.4961832061068702	0.0	6b0g
537	0.013513513513513514	0.46621621621621623	0.5202702702702703	0.0	6b0h
538	0.2153846153846154	0.25961538461538464	0.525	0.0	6b0n
539	0.22448979591836735	0.32653061224489793	0.4489795918367347	0.0	6b0s
540	0.24429223744292236	0.271689497716895	0.4840182648401826	0.0	6b3m
541	0.20408163265306123	0.14965986394557823	0.6462585034013606	0.0	6b3s
542	0.07975460122699386	0.31901840490797545	0.6012269938650306	0.0	6b9j
543	0.1	0.16666666666666666	0.7333333333333333	0.0	6ban
544	0.15901060070671377	0.3392226148409894	0.5017667844522968	0.0	6bck
545	0.22888283378746593	0.13896457765667575	0.6321525885558583	0.0	6bdz
546	0.14666666666666667	0.3233333333333333	0.53	0.0	6bf4
547	0.5443037974683544	0.02531645569620253	0.43037974683544306	0.0	6bfq
548	0.5232558139534884	0.11627906976744186	0.36046511627906974	0.0	6bfs
549	0.03225806451612903	0.45161290322580644	0.5161290322580645	0.0	6bit
550	0.12264150943396226	0.3584905660377358	0.5188679245283019	0.0	6bkc
551	0.1282051282051282	0.3162393162393162	0.5555555555555556	0.0	6bkd
552	0.14655172413793102	0.3448275862068966	0.5086206896551724	0.0	6bp2
553	0.7188755020080321	0.028112449799196786	0.25301204819277107	0.0	6bpa
554	0.7709923664122137	0.026717557251908396	0.20229007633587787	0.0	6bpe
555	0.11818181818181818	0.2636363636363636	0.6181818181818182	0.0	6bt3
556	0.639751552795031	0.0	0.36024844720496896	0.0	6c08
557	0.30900243309002434	0.18613138686131386	0.5048661800486618	0.0	6c5v
558	0.11931818181818182	0.32954545454545453	0.5511363636363636	0.0	6c6y
559	0.17197452229299362	0.3248407643312102	0.5031847133757962	0.0	6c6z
560	0.12531969309462915	0.3554987212276215	0.5191815856777494	0.0	6cde
561	0.48484848484848486	0.0	0.21212121212121213	0.30303030303030304	6cf2
562	0.03058103975535168	0.3853211009174312	0.5840978593272171	0.0	6cmg
563	0.3515850144092219	0.23631123919308358	0.41210374639769454	0.0	6cnk
564	0.7435897435897436	0.016025641025641024	0.2403846153846154	0.0	6csf
565	0.10148514851485149	0.35396039603960394	0.5445544554455446	0.0	6cue
566	0.12376237623762376	0.35396039603960394	0.5222772277227723	0.0	6cuf
567	0.4895833333333333	0.020833333333333332	0.4895833333333333	0.0	6cwt
568	0.3557692307692308	0.2283653846153846	0.41586538461538464	0.0	6cxc
569	0.5392156862745098	0.0196078431372549	0.4411764705882353	0.0	6cyf
570	0.31398416886543534	0.2955145118733509	0.39050131926121373	0.0	6dc3
571	0.30563002680965146	0.28418230563002683	0.4101876675603217	0.0	6dc5
572	0.045454545454545456	0.5303030303030303	0.42424242424242425	0.0	6ddm
573	0.05555555555555555	0.5277777777777778	0.4166666666666667	0.0	6ddr
574	0.08108108108108109	0.5945945945945946	0.32432432432432434	0.0	6ddv
575	0.12378640776699029	0.33737864077669905	0.5388349514563107	0.0	6dfg
576	0.1431980906921241	0.36992840095465396	0.48687350835322196	0.0	6dfh
577	0.0	0.4605263157894737	0.5394736842105263	0.0	6dfj
578	0.3037974683544304	0.25316455696202533	0.4430379746835443	0.0	6dkj
579	0.2511520737327189	0.29493087557603687	0.4539170506912442	0.0	6e3h
580	0.10679611650485436	0.35436893203883496	0.5388349514563107	0.0	6e4x
581	0.0947867298578199	0.3412322274881517	0.5639810426540285	0.0	6e56
582	0.043010752688172046	0.4731182795698925	0.4838709677419355	0.0	6e63
583	0.24050632911392406	0.22784810126582278	0.5316455696202531	0.0	6ea5
584	0.1956521739130435	0.21014492753623187	0.5942028985507246	0.0	6eay
585	0.22857142857142856	0.2043956043956044	0.567032967032967	0.0	6edu
586	0.7769784172661871	0.0	0.22302158273381295	0.0	6elu
587	0.05241935483870968	0.29838709677419356	0.6491935483870968	0.0	6ewb
588	0.09665427509293681	0.45724907063197023	0.44609665427509293	0.0	6eyo
589	0.03896103896103896	0.33766233766233766	0.6233766233766234	0.0	6fax
590	0.18553459119496854	0.41509433962264153	0.39937106918238996	0.0	6fgb
591	0.0	0.4868421052631579	0.5131578947368421	0.0	6fla
592	0.0	0.43243243243243246	0.5675675675675675	0.0	6flc
593	0.0	0.5392156862745098	0.46078431372549017	0.0	6fxn
594	0.34444444444444444	0.3	0.35555555555555557	0.0	6fy1
595	0.11702127659574468	0.26063829787234044	0.6223404255319149	0.0	6gff
596	0.08025682182985554	0.23274478330658105	0.6869983948635634	0.0	6gg0
597	0.037037037037037035	0.5092592592592593	0.4537037037037037	0.0	6gku
598	0.037383177570093455	0.5046728971962616	0.45794392523364486	0.0	6glw
599	0.04854368932038835	0.49514563106796117	0.4563106796116505	0.0	6glx
600	0.8384879725085911	0.0	0.16151202749140894	0.0	6gv1
601	0.11933174224343675	0.324582338902148	0.5560859188544153	0.0	6gv4
602	0.011049723756906077	0.4972375690607735	0.4861878453038674	0.0055248618784530384	6h2y
603	0.5921787709497207	0.0	0.40782122905027934	0.0	6h3t
604	0.5268817204301075	0.0	0.4731182795698925	0.0	6h3u
605	0.07446808510638298	0.4574468085106383	0.46808510638297873	0.0	6h5n
606	0.4897119341563786	0.08024691358024691	0.43004115226337447	0.0	6hco
607	0.08968609865470852	0.3901345291479821	0.5201793721973094	0.0	6hga
608	0.12429378531073447	0.2598870056497175	0.615819209039548	0.0	6hhc
609	0.04838709677419355	0.532258064516129	0.41935483870967744	0.0	6hig
610	0.28045977011494255	0.21149425287356322	0.5080459770114942	0.0	6hjp
611	0.2992125984251969	0.2283464566929134	0.47244094488188976	0.0	6hx4
612	0.3103448275862069	0.20935960591133004	0.4802955665024631	0.0	6hxw
613	0.0641399416909621	0.4198250728862974	0.5160349854227405	0.0	6i04
614	0.275	0.28214285714285714	0.44285714285714284	0.0	6i3z
615	0.3087719298245614	0.23859649122807017	0.45263157894736844	0.0	6i8s
616	0.21212121212121213	0.3939393939393939	0.3939393939393939	0.0	6i9i
617	0.02040816326530612	0.4557823129251701	0.5238095238095238	0.0	6iap
618	0.2	0.43174603174603177	0.3682539682539683	0.0	6id4
619	0.10810810810810811	0.305019305019305	0.5868725868725869	0.0	6iea
620	0.096	0.3	0.604	0.0	6ieb
621	0.12598425196850394	0.2559055118110236	0.6181102362204725	0.0	6iec
622	0.13127413127413126	0.2972972972972973	0.5714285714285714	0.0	6iek
623	0.06201550387596899	0.3449612403100775	0.5930232558139535	0.0	6ii8
624	0.0425531914893617	0.425531914893617	0.5319148936170213	0.0	6ion
625	0.10625	0.30625	0.5875	0.0	6iut
626	0.1165644171779141	0.37423312883435583	0.50920245398773	0.0	6iuv
627	0.06824925816023739	0.4807121661721068	0.45103857566765576	0.0	6iw0
628	0.11552346570397112	0.3862815884476534	0.4981949458483754	0.0	6j11
629	0.0375	0.5375	0.425	0.0	6j14
630	0.037037037037037035	0.49382716049382713	0.4691358024691358	0.0	6j15
631	0.07647058823529412	0.4823529411764706	0.4411764705882353	0.0	6j5g
632	0.06578947368421052	0.4473684210526316	0.4868421052631579	0.0	6j6y
633	0.034482758620689655	0.5287356321839081	0.4367816091954023	0.0	6jbt
634	0.059113300492610835	0.33497536945812806	0.6059113300492611	0.0	6jhq
635	0.04522613065326633	0.2914572864321608	0.6633165829145728	0.0	6jhr
636	0.09803921568627451	0.3333333333333333	0.5686274509803921	0.0	6jhs
637	0.08415841584158416	0.23267326732673269	0.6831683168316832	0.0	6jht
638	0.03260869565217391	0.4782608695652174	0.4891304347826087	0.0	6jjp
639	0.8061538461538461	0.027692307692307693	0.16615384615384615	0.0	6jod
640	0.043010752688172046	0.4946236559139785	0.46236559139784944	0.0	6k0y
641	0.8048780487804879	0.0	0.1951219512195122	0.0	6k65
642	0.7058823529411765	0.0	0.29411764705882354	0.0	6k68
643	0.0	0.4383561643835616	0.5616438356164384	0.0	6k7o
644	0.7988505747126436	0.022988505747126436	0.1781609195402299	0.0	6ko5
645	0.7607843137254902	0.00392156862745098	0.23529411764705882	0.0	6ks1
646	0.12380952380952381	0.4	0.47619047619047616	0.0	6ktr
647	0.11627906976744186	0.5271317829457365	0.35658914728682173	0.0	6kyz
648	0.09322033898305085	0.5254237288135594	0.3813559322033898	0.0	6kz0
649	0.024539877300613498	0.4294478527607362	0.5460122699386503	0.0	6l62
650	0.8102189781021898	0.0	0.1897810218978102	0.0	6lbh
651	0.17751479289940827	0.3165680473372781	0.5059171597633136	0.0	6lgw
652	0.09656652360515021	0.30042918454935624	0.6030042918454935	0.0	6lhp
653	0.09712722298221614	0.3023255813953488	0.600547195622435	0.0	6lhq
654	0.09783728115345006	0.30895983522142123	0.5932028836251287	0.0	6lht
655	0.6068601583113457	0.044854881266490766	0.3482849604221636	0.0	6ln2
656	0.044673539518900345	0.4020618556701031	0.5532646048109966	0.0	6lxk
657	0.05806451612903226	0.6064516129032258	0.33548387096774196	0.0	6lyn
658	0.13333333333333333	0.2909090909090909	0.5757575757575758	0.0	6lz9
659	0.14917127071823205	0.3370165745856354	0.5138121546961326	0.0	6m3b
660	0.13829787234042554	0.324468085106383	0.5372340425531915	0.0	6m3c
661	0.6988235294117647	0.021176470588235293	0.28	0.0	6m47
662	0.7167019027484144	0.0	0.2832980972515856	0.0	6m58
663	0.19196428571428573	0.25892857142857145	0.5491071428571429	0.0	6mam
664	0.2682926829268293	0.20884146341463414	0.5228658536585366	0.0	6mar
665	0.11004784688995216	0.3253588516746411	0.5645933014354066	0.0	6mco
666	0.12598425196850394	0.3779527559055118	0.49606299212598426	0.0	6meh
667	0.096	0.296	0.608	0.0	6mek
668	0.023529411764705882	0.17647058823529413	0.8	0.0	6mf7
669	0.1388888888888889	0.2777777777777778	0.5833333333333334	0.0	6mfp
670	0.1386861313868613	0.3248175182481752	0.5364963503649635	0.0	6mg7
671	0.0	0.0	1.0	0.0	6mhg
672	0.023622047244094488	0.31496062992125984	0.6614173228346457	0.0	6mhr
673	0.09917355371900827	0.2644628099173554	0.6363636363636364	0.0	6mi2
674	0.19134396355353075	0.29157175398633256	0.5170842824601367	0.0	6mid
675	0.30838815789473684	0.16365131578947367	0.5279605263157895	0.0	6mjz
676	0.09375	0.3203125	0.5859375	0.0	6mlm
677	0.11139240506329114	0.379746835443038	0.5088607594936709	0.0	6mpg
678	0.12020460358056266	0.3887468030690537	0.49104859335038364	0.0	6mph
679	0.12661498708010335	0.4160206718346253	0.4573643410852713	0.0	6mtn
680	0.4322033898305085	0.1864406779661017	0.3813559322033898	0.0	6mto
681	0.42727272727272725	0.20909090909090908	0.36363636363636365	0.0	6mtq
682	0.07692307692307693	0.4230769230769231	0.5	0.0	6mvl
683	0.010380622837370242	0.36678200692041524	0.6228373702422145	0.0	6mwx
684	0.10602409638554217	0.3614457831325301	0.5325301204819277	0.0	6n1v
685	0.1175	0.3725	0.51	0.0	6n1w
686	0.7230769230769231	0.01978021978021978	0.2571428571428571	0.0	6n4r
687	0.10919540229885058	0.3448275862068966	0.5459770114942529	0.0	6n5b
688	0.037800687285223365	0.45017182130584193	0.5120274914089347	0.0	6n6b
689	0.06172839506172839	0.34156378600823045	0.5967078189300411	0.0	6n81
690	0.03278688524590164	0.32786885245901637	0.639344262295082	0.0	6n8d
691	0.1950989632422243	0.29029217719132894	0.5146088595664468	0.0	6nb3
692	0.2667946257197697	0.31477927063339733	0.418426103646833	0.0	6nc2
693	0.24901960784313726	0.32941176470588235	0.4215686274509804	0.0	6nfc
694	0.167192429022082	0.4637223974763407	0.36908517350157727	0.0	6nha
695	0.06515580736543909	0.5014164305949008	0.43342776203966005	0.0	6nip
696	0.09192200557103064	0.46518105849582175	0.4428969359331476	0.0	6niu
697	0.1105121293800539	0.40161725067385445	0.48787061994609165	0.0	6nm6
698	0.03488372093023256	0.38372093023255816	0.5813953488372093	0.0	6nmr
699	0.030927835051546393	0.38144329896907214	0.5876288659793815	0.0	6nms
700	0.030927835051546393	0.3917525773195876	0.5773195876288659	0.0	6nmt
701	0.0	0.42857142857142855	0.5714285714285714	0.0	6nmu
702	0.030927835051546393	0.3917525773195876	0.5773195876288659	0.0	6nmv
703	0.021377672209026127	0.18527315914489312	0.7933491686460807	0.0	6nn3
704	0.1178082191780822	0.3835616438356164	0.4986301369863014	0.0	6nnf
705	0.19745222929936307	0.2611464968152866	0.5414012738853503	0.0	6nqd
706	0.07806691449814127	0.38661710037174724	0.5353159851301115	0.0	6nyq
707	0.2703349282296651	0.2799043062200957	0.44976076555023925	0.0	6nz7
708	0.059154929577464786	0.36056338028169016	0.5802816901408451	0.0	6o1f
709	0.24719101123595505	0.24719101123595505	0.5056179775280899	0.0	6o9i
710	0.1286549707602339	0.3391812865497076	0.5321637426900585	0.0	6oc3
711	0.3031161473087819	0.31444759206798867	0.38243626062322944	0.0	6oe4
712	0.136986301369863	0.3321917808219178	0.5308219178082192	0.0	6oej
713	0.040498442367601244	0.4205607476635514	0.5389408099688473	0.0	6oel
714	0.16605166051660517	0.3247232472324723	0.5092250922509225	0.0	6ofi
715	0.010752688172043012	0.34408602150537637	0.6451612903225806	0.0	6okm
716	0.0	0.20833333333333334	0.7916666666666666	0.0	6okn
717	0.09859154929577464	0.3192488262910798	0.5821596244131455	0.0	6okp
718	0.22540983606557377	0.42213114754098363	0.3524590163934426	0.0	6oor
719	0.09832134292565947	0.2853717026378897	0.6163069544364509	0.0	6oro
720	0.09859154929577464	0.3591549295774648	0.5422535211267606	0.0	6orp
721	0.136986301369863	0.2968036529680365	0.5662100456621004	0.0	6orq
722	0.0847457627118644	0.1864406779661017	0.7288135593220338	0.0	6osh
723	0.0847457627118644	0.1864406779661017	0.7288135593220338	0.0	6osv
724	0.12562814070351758	0.3391959798994975	0.535175879396985	0.0	6osy
725	0.11081794195250659	0.287598944591029	0.6015831134564644	0.0	6ot1
726	0.32575757575757575	0.2676767676767677	0.4065656565656566	0.0	6ous
727	0.027777777777777776	0.5092592592592593	0.46296296296296297	0.0	6oy4
728	0.1624548736462094	0.30324909747292417	0.5342960288808665	0.0	6oz3
729	0.1323529411764706	0.3700980392156863	0.49754901960784315	0.0	6oz4
730	0.0	0.4657534246575342	0.5342465753424658	0.0	6p50
731	0.2399193548387097	0.32661290322580644	0.4334677419354839	0.0	6p62
732	0.24740124740124741	0.30561330561330563	0.446985446985447	0.0	6p65
733	0.17562724014336917	0.35842293906810035	0.4659498207885305	0.0	6p8m
734	0.35313531353135313	0.18811881188118812	0.45874587458745875	0.0	6p91
735	0.32525951557093424	0.2041522491349481	0.47058823529411764	0.0	6p95
736	0.010869565217391304	0.6630434782608695	0.32608695652173914	0.0	6p9h
737	0.2109090909090909	0.2509090909090909	0.5381818181818182	0.0	6pci
738	0.08461538461538462	0.5692307692307692	0.34615384615384615	0.0	6pcu
739	0.25925925925925924	0.2569444444444444	0.4837962962962963	0.0	6pdx
740	0.02097902097902098	0.32867132867132864	0.6503496503496503	0.0	6pe8
741	0.05063291139240506	0.4430379746835443	0.5063291139240507	0.0	6phb
742	0.06870229007633588	0.4732824427480916	0.4580152671755725	0.0	6phc
743	0.04054054054054054	0.4527027027027027	0.5067567567567568	0.0	6phd
744	0.04054054054054054	0.42567567567567566	0.5337837837837838	0.0	6phf
745	0.759090909090909	0.0	0.2409090909090909	0.0	6pis
746	0.0	0.42857142857142855	0.5714285714285714	0.0	6plk
747	0.042105263157894736	0.47368421052631576	0.4842105263157895	0.0	6ppg
748	0.3903448275862069	0.22758620689655173	0.3820689655172414	0.0	6pv7
749	0.09190371991247265	0.3610503282275711	0.5470459518599562	0.0	6pz8
750	0.050505050505050504	0.40404040404040403	0.5454545454545454	0.0	6pze
751	0.049342105263157895	0.3881578947368421	0.5625	0.0	6pzf
752	0.039603960396039604	0.38943894389438943	0.570957095709571	0.0	6pzw
753	0.03164556962025317	0.40822784810126583	0.560126582278481	0.0	6pzy
754	0.048701298701298704	0.37012987012987014	0.5811688311688312	0.0	6pzz
755	0.07236842105263158	0.32894736842105265	0.5986842105263158	0.0	6q0i
756	0.06493506493506493	0.2987012987012987	0.6363636363636364	0.0	6q18
757	0.0353356890459364	0.4204946996466431	0.5441696113074205	0.0	6q20
758	0.031578947368421054	0.40350877192982454	0.5649122807017544	0.0	6q23
759	0.21021021021021022	0.25825825825825827	0.5315315315315315	0.0	6qd7
760	0.2088235294117647	0.26176470588235295	0.5294117647058824	0.0	6qd8
761	0.1529175050301811	0.21730382293762576	0.6297786720321932	0.0	6qig
762	0.0	0.2619047619047619	0.7380952380952381	0.0	6r0x
763	0.5826446280991735	0.02066115702479339	0.39669421487603307	0.0	6r2s
764	0.16666666666666666	0.2839506172839506	0.5493827160493827	0.0	6r8x
765	0.7335907335907336	0.04633204633204633	0.22007722007722008	0.0	6rcu
766	0.78099173553719	0.024793388429752067	0.19421487603305784	0.0	6rcv
767	0.7692307692307693	0.0	0.23076923076923078	0.0	6rlo
768	0.15544041450777202	0.27461139896373055	0.5699481865284974	0.0	6rps
769	0.34701492537313433	0.13432835820895522	0.5186567164179104	0.0	6s3t
770	0.125	0.45348837209302323	0.42151162790697677	0.0	6s5a
771	0.07142857142857142	0.38311688311688313	0.5454545454545454	0.0	6s8d
772	0.06832298136645963	0.40372670807453415	0.5279503105590062	0.0	6s8i
773	0.06790123456790123	0.4012345679012346	0.5308641975308642	0.0	6s8j
774	0.43457943925233644	0.08411214953271028	0.48130841121495327	0.0	6ss6
775	0.06666666666666667	0.5222222222222223	0.4111111111111111	0.0	6svl
776	0.3479381443298969	0.2551546391752577	0.39690721649484534	0.0	6t3f
777	0.0	0.3402061855670103	0.6597938144329897	0.0	6t3j
778	0.1038961038961039	0.5454545454545454	0.35064935064935066	0.0	6t9d
779	0.15625	0.3541666666666667	0.4895833333333333	0.0	6tyb
780	0.3641025641025641	0.23846153846153847	0.3974358974358974	0.0	6tys
781	0.09345794392523364	0.24299065420560748	0.6635514018691588	0.0	6u0l
782	0.14987080103359174	0.3385012919896641	0.5116279069767442	0.0	6u38
783	0.10784313725490197	0.3946078431372549	0.49754901960784315	0.0	6u59
784	0.04938271604938271	0.47530864197530864	0.47530864197530864	0.0	6u6u
785	0.6617647058823529	0.0	0.3382352941176471	0.0	6u9s
786	0.13592233009708737	0.3567961165048544	0.5072815533980582	0.0	6uda
787	0.11716621253405994	0.45231607629427795	0.4305177111716621	0.0	6udj
788	0.08878504672897196	0.3411214953271028	0.5700934579439252	0.0	6uig
789	0.11904761904761904	0.38095238095238093	0.5	0.0	6ujc
790	0.12608695652173912	0.29239130434782606	0.5815217391304348	0.0	6ulc
791	0.1463963963963964	0.35135135135135137	0.5	0.0022522522522522522	6um6
792	0.16009280742459397	0.3689095127610209	0.4709976798143852	0.0	6um7
793	0.1746031746031746	0.30158730158730157	0.5238095238095238	0.0	6umx
794	0.08755760368663594	0.2903225806451613	0.6221198156682027	0.0	6ur5
795	0.15833333333333333	0.325	0.5166666666666667	0.0	6urh
796	0.06707317073170732	0.31097560975609756	0.6219512195121951	0.0	6urm
797	0.0	0.4375	0.5625	0.0	6uta
798	0.0	0.4578313253012048	0.5421686746987951	0.0	6ute
799	0.11607142857142858	0.3125	0.5714285714285714	0.0	6uyg
800	0.11504424778761062	0.3274336283185841	0.5575221238938053	0.0	6uym
801	0.006666666666666667	0.4166666666666667	0.5766666666666667	0.0	6v4n
802	0.02413793103448276	0.43103448275862066	0.5448275862068965	0.0	6v4o
803	0.11804613297150611	0.3622795115332429	0.519674355495251	0.0	6v4p
804	0.3146341463414634	0.2146341463414634	0.47073170731707314	0.0	6vc9
805	0.03428571428571429	0.37714285714285717	0.5885714285714285	0.0	6vel
806	0.1111111111111111	0.27350427350427353	0.6153846153846154	0.0	6veq
807	0.466403162055336	0.11067193675889328	0.42292490118577075	0.0	6vgr
808	0.251865671641791	0.31902985074626866	0.4291044776119403	0.0	6vkn
809	0.022222222222222223	0.6	0.37777777777777777	0.0	6vln
810	0.6009174311926605	0.01834862385321101	0.38073394495412843	0.0	6vlr
811	0.08092485549132948	0.28901734104046245	0.630057803468208	0.0	6vmj
812	0.2622309197651663	0.30724070450097846	0.43052837573385516	0.0	6vn0
813	0.20113851992409867	0.3055028462998102	0.49335863377609107	0.0	6vn1
814	0.15206185567010308	0.39948453608247425	0.4484536082474227	0.0	6vo0
815	0.16290726817042606	0.3634085213032581	0.47368421052631576	0.0	6vo1
816	0.15384615384615385	0.3978779840848806	0.4482758620689655	0.0	6vo3
817	0.33519553072625696	0.1787709497206704	0.4860335195530726	0.0	6vug
818	0.11235955056179775	0.25842696629213485	0.6292134831460674	0.0	6vvu
819	0.189873417721519	0.25316455696202533	0.5569620253164557	0.0	6vx4
820	0.13701923076923078	0.36778846153846156	0.4951923076923077	0.0	6vy2
821	0.08708708708708708	0.38738738738738737	0.5255255255255256	0.0	6vy4
822	0.04487179487179487	0.4198717948717949	0.5352564102564102	0.0	6vy6
823	0.2467948717948718	0.3076923076923077	0.44551282051282054	0.0	6w16
824	0.1956521739130435	0.3782608695652174	0.4260869565217391	0.0	6w51
825	0.3140495867768595	0.26170798898071623	0.42424242424242425	0.0	6w52
826	0.391644908616188	0.1671018276762402	0.4412532637075718	0.0	6w7s
827	0.075	0.425	0.5	0.0	6was
828	0.839142091152815	0.0	0.16085790884718498	0.0	6wbv
829	0.0979020979020979	0.33146853146853145	0.5706293706293706	0.0	6wds
830	0.09331476323119778	0.3161559888579387	0.5905292479108635	0.0	6wdt
831	0.24768518518518517	0.29398148148148145	0.4583333333333333	0.0	6wf1
832	0.05333333333333334	0.4266666666666667	0.52	0.0	6wgl
833	0.36103151862464183	0.15759312320916904	0.4813753581661891	0.0	6wh9
834	0.12195121951219512	0.3231707317073171	0.5548780487804879	0.0	6whk
835	0.8026315789473685	0.005263157894736842	0.19210526315789472	0.0	6wik
836	0.05128205128205128	0.47435897435897434	0.47435897435897434	0.0	6wir
837	0.1388888888888889	0.5416666666666666	0.3194444444444444	0.0	6wit
838	0.2261072261072261	0.27972027972027974	0.49417249417249415	0.0	6wiz
839	0.2458628841607565	0.2624113475177305	0.491725768321513	0.0	6wj1
840	0.5659340659340659	0.0	0.4340659340659341	0.0	6wjl
841	0.725	0.029166666666666667	0.24583333333333332	0.0	6wm9
842	0.6380368098159509	0.018404907975460124	0.34355828220858897	0.0	6wmw
843	0.7727272727272727	0.015151515151515152	0.21212121212121213	0.0	6wn1
844	0.744	0.028	0.228	0.0	6wno
845	0.1111111111111111	0.3333333333333333	0.5555555555555556	0.0	6wo3
846	0.12403100775193798	0.31007751937984496	0.5658914728682171	0.0	6wo4
847	0.06796116504854369	0.3592233009708738	0.5728155339805825	0.0	6wo5
848	0.0660377358490566	0.39622641509433965	0.5377358490566038	0.0	6woq
849	0.7458333333333333	0.029166666666666667	0.225	0.0	6woz
850	0.7480314960629921	0.031496062992125984	0.2204724409448819	0.0	6wqo
851	0.7183673469387755	0.02857142857142857	0.2530612244897959	0.0	6wtu
852	0.7258064516129032	0.04032258064516129	0.23387096774193547	0.0	6wty
853	0.08726415094339622	0.3490566037735849	0.5636792452830188	0.0	6wvz
854	0.7328042328042328	0.015873015873015872	0.25132275132275134	0.0	6ww2
855	0.23095238095238096	0.28809523809523807	0.48095238095238096	0.0	6wxl
856	0.225	0.325	0.45	0.0	6wzj
857	0.22695035460992907	0.24113475177304963	0.5319148936170213	0.0	6wzt
858	0.386986301369863	0.2534246575342466	0.3595890410958904	0.0	6x3u
859	0.08333333333333333	0.4107142857142857	0.5059523809523809	0.0	6x4t
860	0.14025974025974025	0.42077922077922075	0.43896103896103894	0.0	6x96
861	0.12760416666666666	0.4635416666666667	0.4088541666666667	0.0	6x97
862	0.13383838383838384	0.44191919191919193	0.42424242424242425	0.0	6x98
863	0.15384615384615385	0.38461538461538464	0.46153846153846156	0.0	6xcj
864	0.21769499417927823	0.2270081490104773	0.5552968568102444	0.0	6xcm
865	0.12941176470588237	0.21764705882352942	0.6529411764705882	0.0	6xdg
866	0.25415676959619954	0.26128266033254155	0.4845605700712589	0.0	6xgc
867	0.20253164556962025	0.22784810126582278	0.569620253164557	0.0	6xkp
868	0.1623931623931624	0.24786324786324787	0.5897435897435898	0.0	6xkq
869	0.036585365853658534	0.4146341463414634	0.5487804878048781	0.0	6xkr
870	0.17346938775510204	0.4489795918367347	0.37755102040816324	0.0	6xm2
871	0.12225705329153605	0.45768025078369906	0.4200626959247649	0.0	6xp6
872	0.10344827586206896	0.35344827586206895	0.5431034482758621	0.0	6xpq
873	0.11467889908256881	0.3256880733944954	0.5596330275229358	0.0	6xpr
874	0.11009174311926606	0.3394495412844037	0.5504587155963303	0.0	6xpx
875	0.09223300970873786	0.3446601941747573	0.5631067961165048	0.0	6xpy
876	0.10679611650485436	0.3155339805825243	0.5776699029126213	0.0	6xpz
877	0.10465116279069768	0.3546511627906977	0.5406976744186046	0.0	6xq0
878	0.1261682242990654	0.3317757009345794	0.5420560747663551	0.0	6xq2
879	0.12804878048780488	0.29878048780487804	0.573170731707317	0.0	6xq4
880	0.0	0.27941176470588236	0.7205882352941176	0.0	6xqw
881	0.3196428571428571	0.13214285714285715	0.5482142857142858	0.0	6xr0
882	0.10625	0.3640625	0.5296875	0.0	6xrt
883	0.2577565632458234	0.23627684964200477	0.5059665871121718	0.0	6xsk
884	0.3391812865497076	0.15204678362573099	0.5087719298245614	0.0	6xsw
885	0.7634408602150538	0.043010752688172046	0.1935483870967742	0.0	6xxv
886	0.030612244897959183	0.5714285714285714	0.3979591836734694	0.0	6xy2
887	0.06349206349206349	0.544973544973545	0.3915343915343915	0.0	6xzw
888	0.6358024691358025	0.006172839506172839	0.35802469135802467	0.0	6y92
889	0.7752293577981652	0.0	0.22477064220183487	0.0	6y9b
890	0.5208333333333334	0.10416666666666667	0.375	0.0	6ye3
891	0.0	0.3063063063063063	0.6936936936936937	0.0	6yio
892	0.32558139534883723	0.3488372093023256	0.32558139534883723	0.0	6ywc
893	0.1509433962264151	0.389937106918239	0.4591194968553459	0.0	6z2l
894	0.12995896032831739	0.31053351573187415	0.5595075239398085	0.0	6z3q
895	0.03888888888888889	0.42777777777777776	0.5333333333333333	0.0	6ztr
896	0.6925675675675675	0.0472972972972973	0.26013513513513514	0.0	7a0x
897	0.08522727272727272	0.48295454545454547	0.4318181818181818	0.0	7a3u
898	0.6131178707224335	0.08935361216730038	0.2975285171102662	0.0	7a6e
899	0.11267605633802817	0.30985915492957744	0.5774647887323944	0.0	7ahu
900	0.11917098445595854	0.30569948186528495	0.5751295336787565	0.0	7ahv
901	0.23835319609967498	0.30119176598049835	0.46045503791982667	0.0	7akd
902	0.07920792079207921	0.47029702970297027	0.4504950495049505	0.0	7amq
903	0.03504043126684636	0.49595687331536387	0.46900269541778977	0.0	7b09
904	0.30617283950617286	0.21728395061728395	0.4765432098765432	0.0	7bbj
905	0.16551724137931034	0.23448275862068965	0.6	0.0	7ben
906	0.15337423312883436	0.22699386503067484	0.6196319018404908	0.0	7bep
907	0.21929824561403508	0.37280701754385964	0.40789473684210525	0.0	7bh8
908	0.13664596273291926	0.2422360248447205	0.6211180124223602	0.0	7bnv
909	0.05070422535211268	0.4647887323943662	0.48450704225352115	0.0	7bq5
910	0.12408759124087591	0.29927007299270075	0.5766423357664233	0.0	7bsc
911	0.18518518518518517	0.22839506172839505	0.5864197530864198	0.0	7bwj
912	0.0379746835443038	0.4177215189873418	0.5443037974683544	0.0	7bxa
913	0.21902654867256638	0.2643805309734513	0.5165929203539823	0.0	7byr
914	0.19639065817409768	0.24309978768577495	0.5605095541401274	0.0	7c2l
915	0.6910569105691057	0.012195121951219513	0.2967479674796748	0.0	7c4s
916	0.7667731629392971	0.0	0.23322683706070288	0.0	7c61
917	0.08022130013831259	0.32226832641770403	0.5975103734439834	0.0	7c80
918	0.07755102040816327	0.3081632653061224	0.6142857142857143	0.0	7c81
919	0.1728395061728395	0.32098765432098764	0.5061728395061729	0.0	7c88
920	0.18854415274463007	0.28042959427207637	0.5310262529832935	0.0	7cbp
921	0.17682926829268292	0.23780487804878048	0.5853658536585366	0.0	7cdj
922	0.08021390374331551	0.3877005347593583	0.5320855614973262	0.0	7ce2
923	0.20677966101694914	0.2677966101694915	0.5254237288135594	0.0	7ceb
924	0.25824175824175827	0.21978021978021978	0.521978021978022	0.0	7cec
925	0.16891891891891891	0.2635135135135135	0.5675675675675675	0.0	7chc
926	0.14666666666666667	0.24	0.6133333333333333	0.0	7cho
927	0.06722689075630252	0.40336134453781514	0.5294117647058824	0.0	7chy
928	0.1830065359477124	0.20915032679738563	0.6078431372549019	0.0	7cm4
929	0.09237875288683603	0.26558891454965355	0.6420323325635104	0.0	7cn2
930	0.1566265060240964	0.30120481927710846	0.5421686746987951	0.0	7coe
931	0.21396396396396397	0.30180180180180183	0.48423423423423423	0.0	7czq
932	0.21140939597315436	0.26733780760626397	0.5212527964205816	0.0	7czt
933	0.21023359288097887	0.2992213570634038	0.4905450500556173	0.0	7czv
934	0.19956140350877194	0.26644736842105265	0.5339912280701754	0.0	7czx
935	0.2132596685082873	0.2972375690607735	0.4895027624309392	0.0	7czy
936	0.21145374449339208	0.28854625550660795	0.5	0.0	7d03
937	0.21052631578947367	0.29385964912280704	0.4956140350877193	0.0	7d0b
938	0.03910614525139665	0.24022346368715083	0.7206703910614525	0.0	7d3k
939	0.012605042016806723	0.40756302521008403	0.5798319327731093	0.0	7d4g
940	0.33205374280230326	0.18426103646833014	0.4836852207293666	0.0	7d5z
941	0.21428571428571427	0.12142857142857143	0.6642857142857143	0.0	7d85
942	0.0	0.5245901639344263	0.47540983606557374	0.0	7daa
943	0.018072289156626505	0.3614457831325301	0.6204819277108434	0.0	7dc8
944	0.1791845493562232	0.2821888412017167	0.5386266094420601	0.0	7dcx
945	0.8680555555555556	0.0	0.13194444444444445	0.0	7dfp
946	0.4270833333333333	0.08333333333333333	0.4895833333333333	0.0	7dha
947	0.1987179487179487	0.23076923076923078	0.5705128205128205	0.0	7djz
948	0.11392405063291139	0.22151898734177214	0.6645569620253164	0.0	7dk0
949	0.2240085744908896	0.2690246516613076	0.5069667738478028	0.0	7dk5
950	0.235	0.205	0.56	0.0	7dkj
951	0.36398467432950193	0.14559386973180077	0.4904214559386973	0.0	7dm1
952	0.368	0.16	0.472	0.0	7dm2
953	0.11216056670602124	0.2632821723730815	0.6245572609208973	0.0	7dnh
954	0.09515859766277128	0.28046744574290483	0.6243739565943238	0.0	7dnk
955	0.11186440677966102	0.29717514124293787	0.5909604519774011	0.0	7dnl
956	0.14814814814814814	0.20987654320987653	0.6419753086419753	0.0	7dpm
957	0.09767441860465116	0.2558139534883721	0.6465116279069767	0.0	7dq7
958	0.6413043478260869	0.07608695652173914	0.2826086956521739	0.0	7dr4
959	0.1456953642384106	0.23178807947019867	0.6225165562913907	0.0	7dx4
960	0.07547169811320754	0.20125786163522014	0.7232704402515723	0.0	7e23
961	0.16875	0.18125	0.65	0.0	7e39
962	0.16339869281045752	0.23529411764705882	0.6013071895424836	0.0	7e3b
963	0.09210526315789473	0.24342105263157895	0.6644736842105263	0.0	7e3c
964	0.19047619047619047	0.21768707482993196	0.5918367346938775	0.0	7e3o
965	0.1095890410958904	0.18493150684931506	0.7054794520547946	0.0	7e5o
966	0.19821826280623608	0.26169265033407574	0.5400890868596881	0.0	7e5r
967	0.2158351409978308	0.2678958785249458	0.5162689804772235	0.0	7e5s
968	0.14	0.24666666666666667	0.6133333333333333	0.0	7e5y
969	0.0	0.40119760479041916	0.5988023952095808	0.0	7e72
970	0.5650406504065041	0.044715447154471545	0.3902439024390244	0.0	7e7e
971	0.0	0.5238095238095238	0.47619047619047616	0.0	7e7x
972	0.20507166482910694	0.2679162072767365	0.5270121278941565	0.0	7e8c
973	0.03409090909090909	0.5113636363636364	0.45454545454545453	0.0	7e9b
974	0.20364415862808147	0.27116827438370844	0.5251875669882101	0.0	7e9q
975	0.08928571428571429	0.30158730158730157	0.6091269841269841	0.0	7eak
976	0.1524390243902439	0.23780487804878048	0.6097560975609756	0.0	7eam
977	0.2012987012987013	0.23376623376623376	0.564935064935065	0.0	7ean
978	0.06888888888888889	0.34	0.5911111111111111	0.0	7ebr
979	0.09859154929577464	0.33380281690140845	0.5676056338028169	0.0	7ec5
980	0.21689259645464026	0.278415015641293	0.5046923879040668	0.0	7eh5
981	0.22105263157894736	0.27473684210526317	0.5042105263157894	0.0	7ej4
982	0.21348314606741572	0.2808988764044944	0.5056179775280899	0.0	7enf
983	0.06077348066298342	0.24861878453038674	0.6906077348066298	0.0	7eo0
984	0.17857142857142858	0.2	0.6214285714285714	0.0	7ey0
985	0.0664451827242525	0.3488372093023256	0.584717607973422	0.0	7ey4
986	0.17791411042944785	0.2147239263803681	0.6073619631901841	0.0	7ey5
987	0.19333333333333333	0.18666666666666668	0.62	0.0	7eya
988	0.125	0.2236842105263158	0.6513157894736842	0.0	7ezv
989	0.1317365269461078	0.25149700598802394	0.6167664670658682	0.0	7f7e
990	0.0	0.28735632183908044	0.7126436781609196	0.0	7f9w
991	0.21109902067464636	0.26659412404787813	0.5223068552774756	0.0	7fae
992	0.06857142857142857	0.31142857142857144	0.62	0.0	7fej
993	0.1509433962264151	0.2389937106918239	0.610062893081761	0.0	7fjs
994	0.3012987012987013	0.1367965367965368	0.5619047619047619	0.0	7jgj
995	0.05714285714285714	0.3142857142857143	0.6285714285714286	0.0	7jie
996	0.16428571428571428	0.3357142857142857	0.5	0.0	7jks
997	0.17123287671232876	0.3595890410958904	0.4691780821917808	0.0	7jkt
998	0.16176470588235295	0.25	0.5882352941176471	0.0	7jmp
999	0.16149068322981366	0.2422360248447205	0.5962732919254659	0.0	7jmw
1000	0.03409090909090909	0.5	0.4659090909090909	0.0	7joo
1001	0.5579044117647058	0.10661764705882353	0.33547794117647056	0.0	7jr7
1002	0.11206896551724138	0.3103448275862069	0.5775862068965517	0.0	7jtf
1003	0.12389380530973451	0.3008849557522124	0.5752212389380531	0.0	7jtg
1004	0.03056768558951965	0.44541484716157204	0.5240174672489083	0.0	7jwg
1005	0.16560509554140126	0.21656050955414013	0.6178343949044586	0.0	7jx3
1006	0.22430939226519336	0.2861878453038674	0.4895027624309392	0.0	7k43
1007	0.05714285714285714	0.3382488479262673	0.6046082949308755	0.0	7k66
1008	0.26344086021505375	0.2849462365591398	0.45161290322580644	0.0	7k7h
1009	0.17777777777777778	0.4	0.4222222222222222	0.0	7k7i
1010	0.232163080407701	0.26727066817667045	0.5005662514156285	0.0	7k8t
1011	0.21486706456863808	0.29571351058057516	0.48941942485078677	0.0	7k8u
1012	0.224373576309795	0.2630979498861048	0.5125284738041003	0.0	7k8v
1013	0.22234762979683972	0.29909706546275394	0.4785553047404063	0.0	7k8w
1014	0.19221967963386727	0.2494279176201373	0.5583524027459954	0.0	7k90
1015	0.22336769759450173	0.281786941580756	0.4948453608247423	0.0	7k9j
1016	0.17105263157894737	0.20394736842105263	0.625	0.0	7k9z
1017	0.24285714285714285	0.35	0.40714285714285714	0.0	7kbb
1018	0.24700239808153476	0.2422062350119904	0.5107913669064749	0.0	7kc1
1019	0.1883720930232558	0.26046511627906976	0.5511627906976744	0.0	7kcr
1020	0.504424778761062	0.0	0.49557522123893805	0.0	7kde
1021	0.10714285714285714	0.3673469387755102	0.5255102040816326	0.0	7kej
1022	0.07329842931937172	0.518324607329843	0.4083769633507853	0.0	7ket
1023	0.08290155440414508	0.36787564766839376	0.5492227979274611	0.0	7kew
1024	0.12041884816753927	0.3298429319371728	0.5497382198952879	0.0	7kex
1025	0.1375	0.5875	0.275	0.0	7kez
1026	0.11229946524064172	0.39572192513368987	0.4919786096256685	0.0	7kf9
1027	0.12698412698412698	0.36507936507936506	0.5079365079365079	0.0	7kfb
1028	0.09895833333333333	0.3802083333333333	0.5208333333333334	0.0	7kfe
1029	0.14432989690721648	0.3402061855670103	0.5154639175257731	0.0	7kfh
1030	0.1554054054054054	0.25	0.5945945945945946	0.0	7kfw
1031	0.36675461741424803	0.2612137203166227	0.3720316622691293	0.0	7ki4
1032	0.35294117647058826	0.2620320855614973	0.3850267379679144	0.0	7ki6
1033	0.1461038961038961	0.3246753246753247	0.5292207792207793	0.0	7klc
1034	0.17307692307692307	0.23076923076923078	0.5961538461538461	0.0	7kmg
1035	0.1910828025477707	0.22929936305732485	0.5796178343949044	0.0	7kn3
1036	0.1342281879194631	0.2751677852348993	0.5906040268456376	0.0	7kn4
1037	0.027906976744186046	0.3953488372093023	0.5767441860465117	0.0	7kpb
1038	0.03225806451612903	0.4731182795698925	0.4946236559139785	0.0	7kpg
1039	0.08376963350785341	0.5130890052356021	0.4031413612565445	0.0	7kpj
1040	0.03333333333333333	0.4444444444444444	0.5222222222222223	0.0	7kq7
1041	0.2113733905579399	0.30150214592274677	0.4871244635193133	0.0	7kqb
1042	0.20488322717622082	0.29723991507430997	0.4978768577494692	0.0	7kqe
1043	0.07386363636363637	0.23863636363636365	0.6875	0.0	7kqg
1044	0.045454545454545456	0.2676767676767677	0.6868686868686869	0.0	7kqh
1045	0.0893854748603352	0.2737430167597765	0.6368715083798883	0.0	7kqi
1046	0.8672566371681416	0.0	0.13274336283185842	0.0	7kr5
1047	0.11320754716981132	0.32075471698113206	0.5660377358490566	0.0	7kra
1048	0.0	0.4861111111111111	0.5138888888888888	0.0	7kyl
1049	0.3407821229050279	0.21787709497206703	0.441340782122905	0.0	7kyo
1050	0.1987179487179487	0.21794871794871795	0.5833333333333334	0.0	7kzb
1051	0.6186440677966102	0.09322033898305085	0.288135593220339	0.0	7kzz
1052	0.2694063926940639	0.2853881278538813	0.4452054794520548	0.0	7l0l
1053	0.14285714285714285	0.2484472049689441	0.6086956521739131	0.0	7l0n
1054	0.21020408163265306	0.25816326530612244	0.5316326530612245	0.0	7l2d
1055	0.20750782064650677	0.2711157455683003	0.5213764337851929	0.0	7l2e
1056	0.2147995889003083	0.27029804727646456	0.5149023638232272	0.0	7l2f
1057	0.21699196326061998	0.2606199770378875	0.5223880597014925	0.0	7l56
1058	0.09285714285714286	0.15714285714285714	0.75	0.0	7l5b
1059	0.04669260700389105	0.20622568093385213	0.7470817120622568	0.0	7l5j
1060	0.15432098765432098	0.22839506172839505	0.6172839506172839	0.0	7l7e
1061	0.05351170568561873	0.44816053511705684	0.4983277591973244	0.0	7l7r
1062	0.03903903903903904	0.24324324324324326	0.7177177177177178	0.0	7la4
1063	0.21764032073310424	0.27949599083619703	0.5028636884306987	0.0	7laa
1064	0.23536439665471923	0.2831541218637993	0.48148148148148145	0.0	7lab
1065	0.2808080808080808	0.20404040404040405	0.5151515151515151	0.0	7lbg
1066	0.24620770128354727	0.26837806301050177	0.485414235705951	0.0	7lcn
1067	0.03550295857988166	0.5443786982248521	0.42011834319526625	0.0	7lcv
1068	0.36538461538461536	0.08173076923076923	0.5528846153846154	0.0	7ley
1069	0.3853658536585366	0.04878048780487805	0.5658536585365853	0.0	7lf0
1070	0.3705357142857143	0.08928571428571429	0.5401785714285714	0.0	7lf2
1071	0.8805970149253731	0.0	0.11940298507462686	0.0	7lf7
1072	0.8352941176470589	0.0	0.16470588235294117	0.0	7lfa
1073	0.7761194029850746	0.0	0.22388059701492538	0.0	7lfb
1074	0.13846153846153847	0.3871794871794872	0.47435897435897434	0.0	7lg6
1075	0.6133909287257019	0.012958963282937365	0.37365010799136067	0.0	7li6
1076	0.6666666666666666	0.0	0.3333333333333333	0.0	7lk4
1077	0.13695090439276486	0.3798449612403101	0.48320413436692505	0.0	7ll2
1078	0.1347708894878706	0.3423180592991914	0.522911051212938	0.0	7llk
1079	0.1870967741935484	0.25806451612903225	0.5548387096774193	0.0	7lm8
1080	0.15483870967741936	0.25161290322580643	0.5935483870967742	0.0	7lop
1081	0.17307692307692307	0.23717948717948717	0.5897435897435898	0.0	7lq7
1082	0.1871871871871872	0.21621621621621623	0.5965965965965966	0.0	7lqv
1083	0.0	0.5254237288135594	0.4745762711864407	0.0	7lr3
1084	0.0	0.46153846153846156	0.5384615384615384	0.0	7lr4
1085	0.2130479102956167	0.24464831804281345	0.5423037716615698	0.0	7ls9
1086	0.0	0.5675675675675675	0.43243243243243246	0.0	7lse
1087	0.09029345372460497	0.2505643340857788	0.6591422121896162	0.0	7lu9
1088	0.3351206434316354	0.24932975871313673	0.4155495978552279	0.0	7luc
1089	0.3025936599423631	0.3025936599423631	0.39481268011527376	0.0	7lue
1090	0.0	0.5274725274725275	0.4725274725274725	0.0	7lxx
1091	0.2322435174746336	0.294250281848929	0.47350620067643745	0.0	7lxy
1092	0.04784688995215311	0.48325358851674644	0.4688995215311005	0.0	7ly3
1093	0.11959287531806616	0.3511450381679389	0.5292620865139949	0.0	7ly9
1094	0.7297297297297297	0.0	0.2702702702702703	0.0	7m2i
1095	0.2782608695652174	0.16521739130434782	0.5565217391304348	0.0	7m30
1096	0.1005586592178771	0.2011173184357542	0.6983240223463687	0.0	7m3i
1097	0.07975460122699386	0.294478527607362	0.6257668711656442	0.0	7m3n
1098	0.13496932515337423	0.2147239263803681	0.6503067484662577	0.0	7m42
1099	0.2130242825607064	0.2792494481236203	0.5077262693156733	0.0	7m6e
1100	0.22160970231532526	0.2921719955898567	0.4862183020948181	0.0	7m6g
1101	0.20670391061452514	0.25251396648044694	0.5407821229050279	0.0	7m6h
1102	0.2286780383795309	0.285181236673774	0.4861407249466951	0.0	7m6i
1103	0.11612903225806452	0.23870967741935484	0.6451612903225806	0.0	7m7w
1104	0.12698412698412698	0.36507936507936506	0.5079365079365079	0.0	7m8l
1105	0.35714285714285715	0.1746031746031746	0.46825396825396826	0.0	7mdp
1106	0.13613861386138615	0.42574257425742573	0.4381188118811881	0.0	7mdt
1107	0.10353535353535354	0.43686868686868685	0.4595959595959596	0.0	7mdu
1108	0.16	0.395	0.445	0.0	7mep
1109	0.17791411042944785	0.25153374233128833	0.5705521472392638	0.0	7mf1
1110	0.25970873786407767	0.2354368932038835	0.5048543689320388	0.0	7mfg
1111	0.7528868360277137	0.013856812933025405	0.23094688221709006	0.0023094688221709007	7mhy
1112	0.11612903225806452	0.21935483870967742	0.6645161290322581	0.0	7mjl
1113	0.7608695652173914	0.008152173913043478	0.23097826086956522	0.0	7mjs
1114	0.7794117647058824	0.0	0.22058823529411764	0.0	7mjt
1115	0.22746331236897274	0.29035639412997905	0.48218029350104824	0.0	7mkl
1116	0.23183391003460208	0.15570934256055363	0.6124567474048442	0.0	7mlv
1117	0.17763157894736842	0.27631578947368424	0.5460526315789473	0.0	7mmo
1118	0.1456953642384106	0.24503311258278146	0.609271523178808	0.0	7msq
1119	0.22388059701492538	0.2766934557979334	0.49942594718714123	0.0	7mw3
1120	0.21047008547008547	0.266025641025641	0.5235042735042735	0.0	7mw6
1121	0.07236842105263158	0.17105263157894737	0.756578947368421	0.0	7mwx
1122	0.11566265060240964	0.35903614457831323	0.5253012048192771	0.0	7mxd
1123	0.16831683168316833	0.29108910891089107	0.5405940594059406	0.0	7mxe
1124	0.28125	0.3046875	0.4140625	0.0	7mxl
1125	0.1566265060240964	0.39759036144578314	0.4457831325301205	0.0	7myz
1126	0.17123287671232876	0.2602739726027397	0.5684931506849316	0.0	7mzg
1127	0.2073170731707317	0.21951219512195122	0.573170731707317	0.0	7mzh
1128	0.13291139240506328	0.24050632911392406	0.6265822784810127	0.0	7mzj
1129	0.16981132075471697	0.2578616352201258	0.5723270440251572	0.0	7mzk
1130	0.17763157894736842	0.24342105263157895	0.5789473684210527	0.0	7mzl
1131	0.18309859154929578	0.22535211267605634	0.5915492957746479	0.0	7mzm
1132	0.1509433962264151	0.25157232704402516	0.5974842767295597	0.0	7mzn
1133	0.26618705035971224	0.41007194244604317	0.3237410071942446	0.0	7n0v
1134	0.09174311926605505	0.22018348623853212	0.6880733944954128	0.0	7n3c
1135	0.011764705882352941	0.18823529411764706	0.8	0.0	7n3d
1136	0.1524390243902439	0.22560975609756098	0.6219512195121951	0.0	7n4j
1137	0.11242603550295859	0.21301775147928995	0.6745562130177515	0.0	7n4l
1138	0.15337423312883436	0.22699386503067484	0.6196319018404908	0.0	7n4m
1139	0.218609865470852	0.2858744394618834	0.49551569506726456	0.0	7n5h
1140	0.05764411027568922	0.2807017543859649	0.6616541353383458	0.0	7n64
1141	0.1366906474820144	0.381294964028777	0.48201438848920863	0.0	7n65
1142	0.14884979702300405	0.3910690121786198	0.46008119079837617	0.0	7ncs
1143	0.22595596755504055	0.2734646581691773	0.5005793742757821	0.0	7nd3
1144	0.21758737316798196	0.27959413754227735	0.5028184892897407	0.0	7nd4
1145	0.22637106184364061	0.2742123687281214	0.49941656942823803	0.0	7nd5
1146	0.2234762979683973	0.28893905191873587	0.48758465011286684	0.0	7nd7
1147	0.2163308589607635	0.2704135737009544	0.513255567338282	0.0	7ndd
1148	0.17266187050359713	0.23741007194244604	0.5899280575539568	0.0	7neg
1149	0.14642857142857144	0.37142857142857144	0.48214285714285715	0.0	7nks
1150	0.1044776119402985	0.26119402985074625	0.6343283582089553	0.0	7np1
1151	0.2020100502512563	0.24824120603015076	0.549748743718593	0.0	7ntc
1152	0.09852216748768473	0.26108374384236455	0.6403940886699507	0.0	7nx3
1153	0.03076923076923077	0.45384615384615384	0.5153846153846153	0.0	7o52
1154	0.1368421052631579	0.4245614035087719	0.43859649122807015	0.0	7o9s
1155	0.6024551463644948	0.08498583569405099	0.3125590179414542	0.0	7o9w
1156	0.09138381201044386	0.3394255874673629	0.5691906005221932	0.0	7oh0
1157	0.33948863636363635	0.11789772727272728	0.5426136363636364	0.0	7oh1
1158	0.18421052631578946	0.26973684210526316	0.5460526315789473	0.0	7or9
1159	0.09798994974874371	0.36180904522613067	0.5402010050251256	0.0	7pc2
1160	0.7725490196078432	0.06274509803921569	0.16470588235294117	0.0	7phu
1161	0.031746031746031744	0.5396825396825397	0.42857142857142855	0.0	7phw
1162	0.011111111111111112	0.46296296296296297	0.5259259259259259	0.0	7pi2
1163	0.011278195488721804	0.49624060150375937	0.4924812030075188	0.0	7pi3
1164	0.007936507936507936	0.5158730158730159	0.47619047619047616	0.0	7pi7
1165	0.218720152817574	0.2731614135625597	0.5081184336198663	0.0	7pnm
1166	0.21476510067114093	0.2972195589645254	0.48801534036433364	0.0	7pnq
1167	0.11486486486486487	0.31756756756756754	0.5675675675675675	0.0	7pqz
1168	0.1592356687898089	0.22929936305732485	0.6114649681528662	0.0	7pr0
1169	0.17307692307692307	0.22435897435897437	0.6025641025641025	0.0	7pry
1170	0.1320754716981132	0.23270440251572327	0.6352201257861635	0.0	7prz
1171	0.12578616352201258	0.2389937106918239	0.6352201257861635	0.0	7ps0
1172	0.16	0.28	0.56	0.0	7ps1
1173	0.13924050632911392	0.24050632911392406	0.620253164556962	0.0	7ps2
1174	0.1419753086419753	0.25925925925925924	0.5987654320987654	0.0	7ps4
1175	0.12025316455696203	0.25316455696202533	0.6265822784810127	0.0	7ps5
1176	0.16993464052287582	0.2222222222222222	0.6078431372549019	0.0	7ps6
1177	0.15757575757575756	0.26666666666666666	0.5757575757575758	0.0	7ps7
1178	0.1320754716981132	0.23270440251572327	0.6352201257861635	0.0	7q0h
1179	0.03524229074889868	0.4977973568281938	0.4669603524229075	0.0	7q0i
1180	0.22171945701357465	0.29524886877828055	0.4830316742081448	0.0	7q6e
1181	0.22198275862068967	0.30926724137931033	0.46875	0.0	7q9j
1182	0.21939953810623555	0.2806004618937644	0.5	0.0	7q9k
1183	0.2193698949824971	0.26721120186697783	0.5134189031505251	0.0	7q9m
1184	0.12666666666666668	0.22666666666666666	0.6466666666666666	0.0	7qnx
1185	0.14685314685314685	0.21678321678321677	0.6363636363636364	0.0	7qny
1186	0.26666666666666666	0.19166666666666668	0.5416666666666666	0.0	7qu1
1187	0.2711864406779661	0.211864406779661	0.5169491525423728	0.0	7qu2
1188	0.17560462670872765	0.27129337539432175	0.5531019978969506	0.0	7r40
1189	0.1610738255033557	0.2348993288590604	0.6040268456375839	0.0	7r6w
1190	0.17088607594936708	0.22784810126582278	0.6012658227848101	0.0	7r7n
1191	0.5653846153846154	0.09903846153846153	0.33557692307692305	0.0	7r89
1192	0.1476510067114094	0.26174496644295303	0.5906040268456376	0.0	7r8l
1193	0.20591581342434584	0.22184300341296928	0.5722411831626849	0.0	7r8m
1194	0.2308522114347357	0.2826321467098166	0.48651564185544766	0.0	7r8o
1195	0.044673539518900345	0.3539518900343643	0.6013745704467354	0.0	7rah
1196	0.08923884514435695	0.30708661417322836	0.6036745406824147	0.0	7rai
1197	0.1919191919191919	0.37373737373737376	0.43434343434343436	0.0	7rco
1198	0.4897959183673469	0.030612244897959183	0.47959183673469385	0.0	7rd5
1199	0.11413043478260869	0.24456521739130435	0.6413043478260869	0.0	7rfb
1200	0.12048192771084337	0.27710843373493976	0.6024096385542169	0.0	7rfc
1201	0.21444954128440366	0.3130733944954128	0.4724770642201835	0.0	7rkv
1202	0.19960668633235004	0.2143559488692232	0.5860373647984267	0.0	7rq6
1203	0.21556256572029442	0.2576235541535226	0.526813880126183	0.0	7rw2
1204	0.46883468834688347	0.16531165311653118	0.36585365853658536	0.0	7rxc
1205	0.21739130434782608	0.2391304347826087	0.5434782608695652	0.0	7rxi
1206	0.2608695652173913	0.10869565217391304	0.6304347826086957	0.0	7rxj
1207	0.40816326530612246	0.12244897959183673	0.46938775510204084	0.0	7rxp
1208	0.2251131221719457	0.3020361990950226	0.47285067873303166	0.0	7s0c
1209	0.17391304347826086	0.2608695652173913	0.5652173913043478	0.0	7s0x
1210	0.06976744186046512	0.45348837209302323	0.47674418604651164	0.0	7s11
1211	0.041666666666666664	0.5625	0.3958333333333333	0.0	7s13
1212	0.18666666666666668	0.26	0.5533333333333333	0.0	7s4s
1213	0.17105263157894737	0.2565789473684211	0.5723684210526315	0.0	7s5p
1214	0.37746478873239436	0.13098591549295774	0.4915492957746479	0.0	7s6d
1215	0.20838052095130238	0.25141562853907135	0.5402038505096263	0.0	7sc1
1216	0.058823529411764705	0.5220588235294118	0.41911764705882354	0.0	7seg
1217	0.33035714285714285	0.30952380952380953	0.3601190476190476	0.0	7sem
1218	0.15989159891598917	0.3604336043360434	0.4796747967479675	0.0	7sfv
1219	0.21624472573839662	0.26054852320675104	0.5232067510548524	0.0	7sg4
1220	0.11173184357541899	0.41899441340782123	0.4692737430167598	0.0	7shy
1221	0.23011015911872704	0.2827417380660955	0.48714810281517745	0.0	7sn3
1222	0.014462809917355372	0.4359504132231405	0.5495867768595041	0.0	7stz
1223	0.03409090909090909	0.5227272727272727	0.4431818181818182	0.0	7su1
1224	0.084	0.384	0.532	0.0	7swd
1225	0.14743589743589744	0.1858974358974359	0.6666666666666666	0.0	7swp
1226	0.15204678362573099	0.23391812865497075	0.6140350877192983	0.0	7t01
1227	0.012944983818770227	0.5145631067961165	0.47249190938511326	0.0	7t0r
1228	0.05776173285198556	0.34296028880866425	0.5992779783393501	0.0	7t3d
1229	0.2981366459627329	0.17391304347826086	0.5279503105590062	0.0	7t4q
1230	0.188	0.251	0.561	0.0	7tb8
1231	0.20696142991533395	0.2427093132643462	0.5503292568203199	0.0	7tcc
1232	0.17293233082706766	0.18796992481203006	0.6390977443609023	0.0	7te1
1233	0.3570965651328581	0.15165262475696695	0.49125081011017496	0.0	7ter
1234	0.13055555555555556	0.33611111111111114	0.5333333333333333	0.0	7tfn
1235	0.10893854748603352	0.3770949720670391	0.5139664804469274	0.0	7tfo
1236	0.1337579617834395	0.27388535031847133	0.5923566878980892	0.0	7tp3
1237	0.15384615384615385	0.24358974358974358	0.6025641025641025	0.0	7tp4
1238	0.17088607594936708	0.25949367088607594	0.569620253164557	0.0	7ttm
1239	0.0967741935483871	0.34139784946236557	0.5618279569892473	0.0	7txz
1240	0.20910973084886128	0.2484472049689441	0.5424430641821946	0.0	7uap
1241	0.22332233223322331	0.2838283828382838	0.49284928492849284	0.0	7uar
1242	0.18545081967213115	0.2520491803278688	0.5625	0.0	7v26
1243	0.21218961625282168	0.2562076749435666	0.5316027088036117	0.0	7v2a
1244	0.03125	0.4583333333333333	0.5104166666666666	0.0	7vux
1245	0.1103448275862069	0.2	0.6896551724137931	0.0	7vyr
1246	0.07792207792207792	0.5194805194805194	0.4025974025974026	0.0	7vyt
1247	0.2034412955465587	0.25	0.5465587044534413	0.0	7wd0
1248	0.13953488372093023	0.22093023255813954	0.6395348837209303	0.0	7wed
1249	0.20518134715025907	0.2756476683937824	0.5191709844559586	0.0	7wk9
1250	0.05063291139240506	0.5316455696202531	0.4177215189873418	0.0	7wkx
1251	0.11731843575418995	0.2011173184357542	0.6815642458100558	0.0	7wlc
1252	0.22898230088495575	0.2853982300884956	0.4856194690265487	0.0	7wpf
1253	0.20481927710843373	0.25301204819277107	0.5421686746987951	0.0	7wph
1254	0.19854469854469856	0.17255717255717257	0.6288981288981289	0.0	7wuh
1255	0.03296703296703297	0.5164835164835165	0.45054945054945056	0.0	7wvm
1256	0.19759277833500502	0.2888665997993982	0.5135406218655968	0.0	7x08
1257	0.23040380047505937	0.24703087885985747	0.5225653206650831	0.0	7x6l
1258	0.19631901840490798	0.24539877300613497	0.558282208588957	0.0	7z0x
1259					7z0y
